Workbook

Sheet Summary
B2: JioSignage Test Report Summary Date: 03-Nov-2025
B3: Solution / Application Name | C3: JioSignage | F3: Jio Signage Android App Version | J3: JS_3.13.apk
B4: JioSignage Portal v 8.7 | C4: https://sit2.jiosignage.jio.com/
B5: Test Device : Model Number | C5: STB : MCM3000 | F5: AOSP _FW _Version | J5: STB-JSB3000-4.75 E
B7: Test Item Name | C7: Test Cases Summary | J7: VIT Rating
C8: Total | D8: PASS | E8: FAIL | F8: NA | G8: NT | H8: EXECUTION % | I8: PASS %
A9: 20 | B9: Login & Profile | C9: =COUNTA('Login & Profile'!A2:A27) -> 26 | D9: =COUNTIF('Login & Profile'!I2:I27,"PASS*") -> 0 | E9: =COUNTIF('Login & Profile'!I2:I27,"FAIL") -> 0 | F9: =COUNTIF('Login & Profile'!I2:I27,"NA") -> 0 | G9: =COUNTIF('Login & Profile'!I2:I27,"NT") -> 0 | H9: =(D9+E9+F9+G9)/C9 -> 0 | I9: =D9/C9 -> 0
A10: 58 | B10: Dashboard | C10: =COUNTA(Dashboard!A2:A73) -> 70 | D10: =COUNTIF(Dashboard!I2:I73,"PASS*") -> 0 | E10: =COUNTIF(Dashboard!I2:I70,"FAIL") -> 0 | F10: =COUNTIF(Dashboard!I2:I70,"NA") -> 0 | G10: =COUNTIF(Dashboard!I2:I68,"NT") -> 0 | H10: =(D10+E10+F10+G10)/C10 -> 0 | I10: =D10/C10 -> 0
A11: 69 | B11: Materials | C11: =COUNTA(Materials!A2:A83) -> 79 | D11: =COUNTIF(Materials!I2:I81,"PASS*") -> 0 | E11: =COUNTIF(Materials!I2:I81,"FAIL") -> 0 | F11: =COUNTIF(Materials!I2:I78,"NA") -> 0 | G11: =COUNTIF(Materials!I2:I78,"NT") -> 0 | H11: =(D11+E11+F11+G11)/C11 -> 0 | I11: =D11/C11 -> 0
A12: 74 | B12: Layout | C12: =COUNTA(Layouts!A2:A217) -> 210 | D12: =COUNTIF(Layouts!I2:I217,"PASS*") -> 0 | E12: =COUNTIF(Layouts!I2:I217,"FAIL") -> 0 | F12: =COUNTIF(Layouts!I2:I217,"NA") -> 0 | G12: =COUNTIF(Layouts!I2:I217,"NT") -> 0 | H12: =(D12+E12+F12+G12)/C12 -> 0 | I12: =D12/C12 -> 0
B13: Layout Approval | C13: =COUNTA(LayoutApproval!A2:A22) -> 20 | D13: =COUNTIF(LayoutApproval!I:I,"PASS*") -> 0 | E13: =COUNTIF(LayoutApproval!I:I,"FAIL") -> 0 | F13: =COUNTIF(LayoutApproval!I:I,"NA") -> 0 | G13: =COUNTIF(LayoutApproval!I:I,"NT") -> 0 | H13: =(D13+E13+F13+G13)/C13 -> 0 | I13: =D13/C13 -> 0
A14: 73 | B14: Playlists | C14: =COUNTA(Playlists!A2:A113) -> 112 | D14: =COUNTIF(Playlists!I2:I120,"PASS*") -> 0 | E14: =COUNTIF(Playlists!I2:I120,"FAIL") -> 0 | F14: =COUNTIF(Playlists!I1:I120,"NA") -> 0 | G14: =COUNTIF(Playlists!I2:I120,"NT") -> 0 | H14: =(D14+E14+F14+G14)/C14 -> 0 | I14: =D14/C14 -> 0
A15: 77 | B15: Schedules | C15: =COUNTA(Schedules!A2:A116) -> 112 | D15: =COUNTIF(Schedules!I2:I116,"PASS*") -> 0 | E15: =COUNTIF(Schedules!I2:I116,"FAIL") -> 0 | F15: =COUNTIF(Schedules!I2:I118,"NA") -> 0 | G15: =COUNTIF(Schedules!I2:I118,"NT") -> 0 | H15: =(D15+E15+F15+G15)/C15 -> 0 | I15: =D15/C15 -> 0
A16: 57 | B16: Displays | C16: =COUNTA(Displays!A2:A87) -> 86 | D16: =COUNTIF(Displays!I:I,"PASS*") -> 0 | E16: =COUNTIF(Displays!I:I,"FAIL") -> 0 | F16: =COUNTIF(Displays!I:I,"NA") -> 0 | G16: =COUNTIF(Displays!I:I,"NT") -> 0 | H16: =(D16+E16+F16+G16)/C16 -> 0 | I16: =D16/C16 -> 0
A17: 98 | B17: User Access | C17: =COUNTA('User Access'!A2:A105) -> 102 | D17: =COUNTIF('User Access'!I2:I103,"PASS*") -> 0 | E17: =COUNTIF('User Access'!I2:I102,"FAIL") -> 0 | F17: =COUNTIF('User Access'!I2:I102,"NA") -> 0 | G17: =COUNTIF('User Access'!I2:I102,"NT") -> 0 | H17: =(D17+E17+F17+G17)/C17 -> 0 | I17: =D17/C17 -> 0
A18: 29 | B18: Display Status | C18: =COUNTA('Display Status'!A2:A48) -> 43 | D18: =COUNTIF('Display Status'!I2:I49,"PASS*") -> 0 | E18: =COUNTIF('Display Status'!I2:I43,"FAIL") -> 0 | F18: =COUNTIF('Display Status'!I2:I43,"NA") -> 0 | G18: =COUNTIF('Display Status'!I2:I43,"NT") -> 0 | H18: =(D18+E18+F18+G18)/C18 -> 0 | I18: =D18/C18 -> 0
B19: Live Monitoring | C19: =COUNTA('Live Monitoring'!A2:A21) -> 17 | D19: =COUNTIF('Live Monitoring'!I2:I18,"Pass") -> 0 | E19: =COUNTIF('Live Monitoring'!I2:I18,"Fail") -> 0 | F19: =COUNTIF('Live Monitoring'!I2:I18,"NA") -> 0 | G19: =COUNTIF('Live Monitoring'!I2:I18,"NT") -> 0 | H19: =(D19+E19+F19+G19)/C19 -> 0 | I19: =D19/C19 -> 0
B20: Reports | C20: =COUNTA(Reports!A2:A75) -> 71 | D20: =COUNTIF(Reports!I2:I75,"PASS*") -> 0 | E20: =COUNTIF(Reports!I2:I71,"FAIL") -> 0 | F20: =COUNTIF(Reports!I2:I71,"NA") -> 0 | G20: =COUNTIF(Reports!I2:I71,"NT") -> 0 | H20: =(D20+E20+F20+G20)/C20 -> 0 | I20: =D20/C20 -> 0
A21: 14 | B21: Emergency Alerts | C21: =COUNTA('Emergenecy Alerts'!A2:A20) -> 15 | D21: =COUNTIF('Emergenecy Alerts'!I2:I16,"PASS*") -> 0 | E21: =COUNTIF('Emergenecy Alerts'!I2:I12,"FAIL") -> 0 | F21: =COUNTIF('Emergenecy Alerts'!I2:I12,"NA") -> 0 | G21: =COUNTIF('Emergenecy Alerts'!I2:I12,"NT") -> 0 | H21: =(D21+E21+F21+G21)/C21 -> 0 | I21: =D21/C21 -> 0
B22: System Test | C22: =COUNTA('System Test'!A2:A19) -> 13 | D22: =COUNTIF('System Test'!I2:I15,"PASS") -> 0 | E22: =COUNTIF('System Test'!I2:I15,"FAIL") -> 0 | F22: =COUNTIF('System Test'!I2:I15,"NA") -> 0 | G22: =COUNTIF('System Test'!I2:I16,"NT") -> 0 | H22: =(D22+E22+F22+G22)/C22 -> 0 | I22: =D22/C22 -> 0
B23: Long Duration | C23: =COUNTA('Long Duration'!A2:A19) -> 14 | D23: =COUNTIF('Long Duration'!F2:F19,"PASS") -> 0 | E23: =COUNTIF('Long Duration'!F2:F19,"FAIL") -> 0 | F23: =COUNTIF('Long Duration'!F2:F19,"NA") -> 0 | G23: =COUNTIF('Long Duration'!F2:F19,"NT") -> 0 | H23: =(D23+E23+F23+G23)/C23 -> 0 | I23: =D23/C23 -> 0
B24: TOTAL | C24: =SUM(C9:C23) -> 990 | D24: =SUM(D9:D23) -> 0 | E24: =SUM(E9:E23) -> 0 | F24: =SUM(F9:F23) -> 0 | G24: =SUM(G9:G23) -> 0 | H24: =(D24+E24+F24+G24)/C24 -> 0 | I24: =D24/C24 -> 0

Sheet Issue_list

Sheet Login & Profile
A1: Sr. No | B1: Test Type | C1: Functionality Name | D1: Sub Functionality | E1: Test Objective | F1: Test Steps | G1: Expected Behaviour | H1: Automation test case name | I1: Result | J1: Comment
A2: TC1 | B2: Functionality | C2: Sign In | D2: Launch Sign In Page | E2: Check that user is able to open Sign In Page | F2: 1. Launch JioSignage Sign In Page : https://digitalsignage.jio.com/users/sign in . | G2: Following are expected behaviour 1. User should be able to launch Sign In page in browser. 2. URL is shown is correct on login. 3. All contents are displayed properly. 4. Verify that screen is not going beyond display limit. | H2: test_SignIn_Page
A3: TC2 | B3: Functionality | C3: Sign In | D3: Launch Sign In Page | E3: Verify the UI/UX of JioSignage page. | F3: 1. Launch JioSignage Sign In Page : https://digitalsignage.jio.com/users/sign in . 2.Now observe the sign in page alignment and text. | G3: User should able to launch JioSignage in browser and all UI is user understandable & User experience interaction is simple and easily understandable. | H3: test_SignIn_Page_UIUX
A4: TC3 | B4: Functionality | C4: Sign In | D4: Launch Sign In Page | E4: Verify user able to see the JioSignage logo in JioSignage login page. | F4: 1. Launch JioSignage Sign In Page : https://digitalsignage.jio.com/users/sign in . 2.Now observe the sign in page alignment. | G4: JioSignage logo should available in top left. | H4: test_SignIn_Page_JioSignageLogo
A5: TC4 | B5: Functionality | C5: Sign In | D5: Launch Sign In Page | E5: Check user able to enter any text in Email address field. | F5: 1. Launch JioSignage Sign In Page : https://digitalsignage.jio.com/users/sign in . 2.Now enter any text in email address field and observe. | G5: User should able to enter the text and also able to edit. | H5: test_EmailTextbox
A6: TC5 | B6: Functionality | C6: Sign In | D6: Launch Sign In Page | E6: Check user able to enter the text in Password field. | F6: 1. Launch JioSignage Sign In Page : https://digitalsignage.jio.com/users/sign in . 2.Now enter any in password field and observe. | G6: User should able to enter the text and also able to edit. | H6: test_PasswordTextbox
A7: TC6 | B7: Functionality | C7: Sign In | D7: Launch Sign In Page | E7: Verify user is able to click password show icon in JioSignage login page. | F7: 1. Launch JioSignage Sign In Page : https://digitalsignage.jio.com/users/sign in . 2.Now enter any in password field and observe. 3Now click on eye icon from password field and observe the behaviour. 4.observe | G7: User should able to select the eye icon from password field. | H7: test_PasswordTextbox_showPasswordBtn
A8: TC7 | B8: Functionality | C8: Sign In | D8: Launch Sign In Page | E8: Verify user able to select the remember me option in JioSignage page. | F8: 1. Launch JioSignage Sign In Page : https://digitalsignage.jio.com/users/sign in . 2.Now enter any in password field and observe. 3.Now click on eye icon from password field and observe the behaviour. 4.Now select the remember me option and observe the behaviour. | G8: User should able to select the remember me option in JioSignage page. | H8: test_RememberMeOption
A9: TC8 | B9: Functionality | C9: Sign In | D9: Forgot Option | E9: Verify user able to create new password by using password forgot option. | F9: 1. Launch JioSignage Sign In Page : https://digitalsignage.jio.com/users/sign in . 2.Now enter your register email id and click on forget option>enter your email and click on submit>and check on your register mail and create new password. | G9: User should able to reset the password by clicking forget option and able to reset the password.
A10: TC9 | B10: Functionality | C10: Sign In | D10: Launch Sign In Page | E10: Verify user able to login using valid credentials in JioSignage login page. | F10: 1. Launch JioSignage Sign In Page : https://digitalsignage.jio.com/users/sign in . 2.Now enter your register email id in email id field. 3.Now enter the password in password field. 4.Click on get opt. 5.Now check your register mobile number or email. 6.Now click on submit OTP and observe the behaviour. | G10: User should able to login using valid credentials. | H10: test_LoginWithValidCredential
A11: TC10 | B11: Functionality | C11: Sign In | D11: OTP | E11: Verify user able to select the submit OTP in Enter OTP page. | F11: 1. Launch JioSignage Sign In Page : https://digitalsignage.jio.com/users/sign in . 2.Now enter your register email id in email id field. 3.Now enter the password in password field. 4.Click on get opt. 5.Now check your register mobile number or email. 6.Enter 6 digits OTP and click on submit OTP and observe the behaviour. | G11: User able to enter the OTP and able to login in JioSignage page
A12: TC11 | B12: Functionality | C12: Sign In | D12: OTP | E12: Verify user able to see & click on resend OTP in enter OTP page. | F12: 1. Launch JioSignage Sign In Page : https://digitalsignage.jio.com/users/sign in . 2.Now enter your register email id in email id field. 3.Now enter the password in password field. 4.Click on get opt. 5.Now check your register mobile number or email. 6.Enter 6 digits OTP and click on resend OTP and observe. | G12: User able to click resend OTP option in enter OTP page.
A13: TC12 | B13: Functionality | C13: Sign In | D13: OTP | E13: Verify user able to click back button to redirect previous page from OTP page. | F13: 1. Launch JioSignage Sign In Page : https://digitalsignage.jio.com/users/sign in . 2.Now enter your register email id in email id field. 3.Now enter the password in password field. 4.Click on get OTP. 5.Now check your register mobile number or email. 6.Enter 6 digits OTP and click on back button and observe. | G13: User should able to redirect to previous page . | H13: test_back_button_fromOTP_page
A14: TC13 | B14: Functionality | C14: Sign In | D14: OTP | E14: Verify able to regenerate OTP | F14: 1.Launch JioSignage Sign in Page: https://digitalsignage.jio.com/users/sign_in . 2.Enter valid email and password 3.Click on Get OTP 4.Enter the password received in Email after 6 mins. 5.Click on Regenerate on OTP Expired OSD. 6.Observe | G14: User should be able to regenerate OTP
A15: TC14 | B15: Functionality | C15: Profile | D15: Profile | E15: check user able to select the view profile option. | F15: Precondition: Register your email id and mobile number in JioSignage with help of existing SP user. 1.Enter URL in address bar JioSignage Sign In Page :https://digitalsignage.jio.com/users/sign in . 2.Now enter valid credentials and click on get opt. 3.Enter OTP and click on submit opt. 4.click on profile icon top right 1st option and observe the behaviour. | G15: It should redirect to profile page and user will see the User Name, Email Address, Phone number, Password. | H15: test_viewProfile
A16: TC15 | B16: Functionality | C16: Profile | D16: Update User Name | E16: check user able to update the user name. | F16: 1.Enter URL in address bar JioSignage Sign In Page :https://digitalsignage.jio.com/users/sign in . 2.Now enter valid credentials and click on get opt. 3.Enter OTP and click on submit opt. 4.click on profile icon top right 1st option>click on edit option in username>new user name>edit name>click on save option and observe the behaviour. | G16: user details has been successfully updated" pop up message should display on screen. | H16: test_verifyeditusername
A17: TC16 | B17: Functionality | C17: Profile | D17: Update User Name | E17: check user able to click "save" and "cancel "option" from user name OSD. | F17: 1.Enter URL in address bar JioSignage Sign In Page :https://digitalsignage.jio.com/users/sign in . 2.Now enter valid credentials and click on get opt. 3.Enter OTP and click on submit opt. 4.click on profile icon top right 1st option>click on edit option in username>edit name>click on save and cancel option and observe the behaviour. | G17: User should able to select the save and cancel option. | H17: test_editUserName_SAVE_CANCEL_BTN
A18: TC17 | B18: Functionality | C18: Profile | D18: Update User Name | E18: check user able to update the phone number. | F18: 1.Enter URL in address bar JioSignage Sign In Page :https://digitalsignage.jio.com/users/sign in . 2.Now enter valid credentials and click on get opt. 3.Enter OTP and click on submit opt. 4.click on profile icon top right 1st option>click on edit option in phone number>new phone number>edit number>click on save option and observe the behaviour. | G18: user details has been successfully updated" pop up message should display on screen. | H18: test_editphonenumber
A19: TC18 | B19: Functionality | C19: Profile | D19: Update User Name | E19: check user able to click "save" and "cancel "option" from new phone number OSD. | F19: 1.Enter URL in address bar JioSignage Sign In Page :https://digitalsignage.jio.com/users/sign in . 2.Now enter valid credentials and click on get opt. 3.Enter OTP and click on submit opt. 4.click on profile icon top right 1st option>click on edit option in phone number>edit phone number>click on save and cancel option and observe the behaviour. | G19: User should able to select the save and cancel option. | H19: test_editPhoneNumber_SAVE_CANCEL_BTN
A20: TC19 | B20: Functionality | C20: Profile | D20: Update User Name | E20: verify user able to close the new phone number OSD by clicking "X" | F20: 1.Enter URL in address bar JioSignage Sign In Page :https://digitalsignage.jio.com/users/sign in . 2.Now enter valid credentials and click on get opt. 3.Enter OTP and click on submit opt. 4.click on profile icon top right 1st option>click on edit option in phone number>edit phone number>click on "X" option and observe. | G20: User should able to select "X" option. | H20: test_editPhoneNumber_X_BTN
A21: TC20 | B21: Functionality | C21: Profile | D21: Update User Name | E21: check user able to update the password. | F21: 1.Enter URL in address bar JioSignage Sign In Page :https://digitalsignage.jio.com/users/sign in . 2.Now enter valid credentials and click on get opt. 3.Enter OTP and click on submit opt. 4.click on profile icon top right 1st option>click on edit option in password field>enter password on new password field>New password confirm field>click on save option and observe the behaviour. | G21: user details has been successfully updated" toast message should display on screen and user gets logout.
A22: TC21 | B22: Functionality | C22: Profile | D22: Update User Name | E22: Check user able to update the password with two different password in two different field and observe. | F22: 1.Enter URL in address bar JioSignage Sign In Page :https://digitalsignage.jio.com/users/sign in . 2.Now enter valid credentials and click on get opt. 3.Enter OTP and click on submit opt. 4.click on profile icon top right 1st option>click on edit option in password field>enter password on new password field>In New password confirm field enter another password which is different for new password field>click on save option and observe the behaviour. | G22: It should lead error message on display "Doesn't match confirmation". | H22: test_twoDifferentPassword_alert
A23: TC22 | B23: Functionality | C23: Profile | D23: Update User Name | E23: check user able to click "save" and "cancel "option" from new password OSD. | F23: 1.Enter URL in address bar JioSignage Sign In Page :https://digitalsignage.jio.com/users/sign in . 2.Now enter valid credentials and click on get opt. 3.Enter OTP and click on submit opt. 4.click on profile icon top right 1st option>click on edit option in password field>enter password on new password field>New password confirm field>click on save and cancel option and observe. | G23: User should able to select the save and cancel option.
A24: TC23 | B24: Functionality | C24: Profile | D24: Update User Name | E24: verify user able to close the new password OSD by clicking "X" | F24: 1.Enter URL in address bar JioSignage Sign In Page :https://digitalsignage.jio.com/users/sign in . 2.Now enter valid credentials and click on get opt. 3.Enter OTP and click on submit opt. 4.click on profile icon top right 1st option>click on edit option in password>edit password>click on "X" option and observe. | G24: User should able to select "X" option. | H24: test_editPassword_X_BTN
A25: TC24 | B25: Functionality | C25: Profile | D25: Service Plan | E25: Verify user able to select the view service plan from profile. | F25: 1.Enter URL in address bar JioSignage Sign In Page :https://digitalsignage.jio.com/users/sign in . 2.Now enter valid credentials and click on get opt. 3.Enter OTP and click on submit opt. 4.click on profile icon top right 1st option>click on view service plan and observe the behaviour. | G25: It should redirect to service plan page it should display Plan Name Demo. Server Usage. Number of Display. | H25: test_ViewServicePlan
A26: TC25 | B26: Functionality | C26: Profile | D26: Help | E26: Verify user able to select the help option from profile icon. | F26: 1.Enter URL in address bar JioSignage Sign In Page :https://digitalsignage.jio.com/users/sign in . 2.Now enter valid credentials and click on get opt. 3.Enter OTP and click on submit opt. 4.click on profile icon top right 1st option>click on help option and observe the behaviour. | G26: It should redirect to help line page. | H26: test_Help_Page
A27: TC26 | B27: Functionality | C27: Profile | D27: Logout | E27: Verify user able to select the logout option from profile icon. | F27: 1.Enter URL in address bar JioSignage Sign In Page :https://digitalsignage.jio.com/users/sign in . 2.Now enter valid credentials and click on get opt. 3.Enter OTP and click on submit opt. 4.click on profile icon top right 1st option>click on logout >click on option and observe the behaviour. | G27: User should logout the JioSignage page by clicking logout. | H27: test_LogoutOption

Sheet Dashboard
A1: Sr. No | B1: Test Type | C1: Functionality Name | D1: Sub Functionality | E1: Test Objective | F1: Test Steps | G1: Expected Behavior | H1: Automation TC Name | I1: Result | J1: Comment
A2: TC1 | B2: Functionality | C2: Dashboard | D2: Launch dashboard. | E2: Verify able to see the JioSignage welcome page with JioSignage logo. | F2: 1.Enter URL in address bar JioSignage Sign In Page :https://digitalsignage.jio.com/users/sign in . 2.Now enter valid credentials and click on get OTP . 3.Enter OTP and click on submit OTP . 4.Now observe the JioSignage logo in left top. | G2: User should able to see the JioSignage logo or icon in left top corner after successful login using valid credentials. | H2: test_verifySignageWelcomePage
A3: TC2 | B3: Functionality | C3: Dashboard | D3: Launch dashboard. | E3: Verify able to see the welcome page message on top left. | F3: 1.Enter URL in address bar JioSignage Sign In Page :https://digitalsignage.jio.com/users/sign in . 2.Now enter valid credentials and click on get OTP . 3.Enter OTP and click on submit OTP . 4.Observe the welcome message. | G3: User should able to see the welcome message with "Track, Analyse and report all content displayed on the display". | H3: test_verifyWelcomeHeading
A4: TC3 | B4: Functionality | C4: Dashboard | D4: JioSignage Logo | E4: Check the behavior when click on JioSignage logo | F4: 1.Enter URL in address bar JioSignage Sign In Page :https://digitalsignage.jio.com/users/sign in . 2.Now enter valid credentials and click on get OTP . 3.Enter OTP and click on submit OTP . 4.Observe the home screen > go to other menu option screen e.g. select delivery management > observe the delivery management screen. 5.Click on JioSignage logo from the top left of the screen. 6.Observe the behavior. | G4: User should be redirected to the dashboard screen from any other option screen when click on the JioSignage logo. | H4: test_signageLogo
A5: TC4 | B5: Functionality | C5: Dashboard | D5: Display License | E5: Verify user able to see the total display license details count. | F5: 1.Enter URL in address bar JioSignage Sign In Page :https://digitalsignage.jio.com/users/sign in . 2.Now enter valid credentials and click on get OTP . 3.Enter OTP and click on submit OTP . 4.Observe the display license count. | G5: User should able to see the total display count details in display license box. | H5: test_verifyDisplayCount
A6: TC5 | B6: Functionality | C6: Dashboard | D6: Display License | E6: Verify used/remain storage details in display license feature. | F6: 1.Enter URL in address bar JioSignage Sign In Page :https://digitalsignage.jio.com/users/sign in . 2.Now enter valid credentials and click on get OTP . 3.Enter OTP and click on submit OTP . 4.Observe the Used/Remaining storage status on display license box. | G6: User should able to see, how many license displays are used and how many are remaining clearly. | H6: test_verifyUsedDisplayCount
A7: TC6 | B7: Functionality | C7: Dashboard | D7: Display License | E7: Verify Total display license details and used/remain details in display license feature are correct | F7: 1.Enter URL in address bar JioSignage Sign In Page :https://digitalsignage.jio.com/users/sign in . 2.Now enter valid credentials and click on get OTP . 3.Enter OTP and click on submit OTP . 4.Verify Total display license details & Used/Remaining details on display license box are correct. | G7: Total , Used , Remaining display count should be as per plan and as per usage. | H7: test_verifyUsedRemainingLicense
A8: TC7 | B8: Functionality | C8: Dashboard | D8: Storage | E8: Verify user able to see the total storage details on storage box in dashboard page. | F8: 1.Enter URL in address bar JioSignage Sign In Page :https://digitalsignage.jio.com/users/sign in . 2.Now enter valid credentials and click on get OTP . 3.Enter OTP and click on submit OTP . 4.Now observe the storage box total storage. | G8: User should able to see the total storage details like circle shape with 2048mb. | H8: test_verifyUsedRemainStorage
A9: TC8 | B9: Functionality | C9: Dashboard | D9: Storage | E9: Verify storage details on storage box in dashboard page are correct. | F9: 1.Enter URL in address bar JioSignage Sign In Page :https://digitalsignage.jio.com/users/sign in . 2.Now enter valid credentials and click on get OTP . 3.Enter OTP and click on submit OTP . 4. Verify Total storage , remaining storage details are correct | G9: Total , Used , Remaining storage should be as per plan and as per usage , should show correct details | H9: test_verifyUsedStorage
A10: TC9 | B10: Functionality | C10: Dashboard | D10: Storage | E10: Check user able to see the remaining storage details on storage box in dashboard page. | F10: 1.Enter URL in address bar JioSignage Sign In Page :https://digitalsignage.jio.com/users/sign in . 2.Now enter valid credentials and click on get OTP . 3.Enter OTP and click on submit OTP . 4.Now place the pointer on remaining indication color and observe the behavior. | G10: User should able to see the remaining details with MB when we place on remaining storage circle. | H10: test_getStorageDataFromCanvas
A11: TC10 | B11: Functionality | C11: Dashboard | D11: Storage | E11: Check user able to see the service plan page when we click on used storage and observe. | F11: 1.Enter URL in address bar JioSignage Sign In Page :https://digitalsignage.jio.com/users/sign in . 2.Now enter valid credentials and click on get OTP . 3.Enter OTP and click on submit OTP . 4.Now click on used storage and observe. | G11: After clicking on used MB data its redirecting to service plan page. | H11: test_verifyStorageLink
A12: TC11 | B12: Functionality | C12: Dashboard | D12: Service Plan | E12: Verify server usage details on service plan page. | F12: 1.Enter URL in address bar JioSignage Sign In Page :https://digitalsignage.jio.com/users/sign in . 2.Now enter valid credentials and click on get OTP . 3.Enter OTP and click on submit OTP . 4.Now click on used storage and observe the server usage and number of display details with used and remaining details. | G12: It should show the service usage and number of display play details with proper used and remaining data in detailed in service plan page. | H12: test_verify_serverUsage
A13: TC12 | B13: Functionality | C13: Dashboard | D13: Media Uploaded | E13: Check user able to see the media uploaded details box in dashboard page. | F13: 1.Enter URL in address bar JioSignage Sign In Page :https://digitalsignage.jio.com/users/sign in . 2.Now enter valid credentials and click on get OTP . 3.Enter OTP and click on submit OTP . 4.Now observe the media uploaded feature box. | G13: User should able to see the media uploaded box in 2nd row 1st column | H13: test_verify_media_uploaded_location
... A41: TC41 | B41: Functionality | C41: Dashboard | D41: Display | E41: Check user able to see the tag wise display box in dashboard page. | F41: 1.Enter URL in address bar JioSignage Sign In Page :https://digitalsignage.jio.com/users/sign in . 2.Now enter valid credentials and click on get OTP . 3.Enter OTP and click on submit OTP . 4.Now observe the tag wise display feature box. | G41: User should able to see the tag wise box in 3rd row 2nd. | H41: test_TagWIseDisplay_location
A42: TC42 | B42: Functionality | C42: Dashboard | D42: Display | E42: Verify user able to see the tool tip when place mouse on bar chat. | F42: 1.Enter URL in address bar JioSignage Sign In Page :https://digitalsignage.jio.com/users/sign in . 2.Now enter valid credentials and click on get OTP . 3.Enter OTP and click on submit OTP . 4.Now observe the tag wise display feature box. 5.Now observe the status of the tag wise display details. 6.Now place on bar chat and observe the behavior. | G42: It should show tool tip with count.
A43: TC43 | B43: Functionality | C43: Dashboard | D43: Display | E43: Check user able to see the state wise display details box in dashboard page. | F43: 1.Enter URL in address bar JioSignage Sign In Page :https://digitalsignage.jio.com/users/sign in . 2.Now enter valid credentials and click on get OTP . 3.Enter OTP and click on submit OTP . 4.Now observe the state wise display details box feature box. | G43: User should able to see the display status box in 4th row 1st, | H43: test_stateWIseDisplay_location
A44: TC44 | B44: Functionality | C44: Dashboard | D44: Display | E44: Verify user able to identify online and offline status. | F44: 1.Enter URL in address bar JioSignage Sign In Page :https://digitalsignage.jio.com/users/sign in . 2.Now enter valid credentials and click on get OTP . 3.Enter OTP and click on submit OTP . 4.Now observe the city wise display details box. 5. Check the online & offline graph details. | G44: It should show color coating for identification like for online>light green and for offline blue.
A45: TC45 | B45: Functionality | C45: Dashboard | D45: Launch dashboard. | E45: Verify user able to switch head user account to base account. | F45: 1.Enter URL in address bar JioSignage Sign In Page :https://digitalsignage.jio.com/users/sign in . 2.Now enter valid credentials and click on get OTP . 3.Enter OTP and click on submit OTP . 4.click on head user top right 2nd option. 5.Click on switch to base account>now click on search drop down and select any base account>press ok and observe the behavior. | G45: User should able to change the head user account to base account. | H45: test_verifyChangeBaseAccount
A46: TC46 | B46: Functionality | C46: Dashboard | D46: Launch dashboard. | E46: Verify ok and cancel button is working on select on base account page. | F46: 1.Enter URL in address bar JioSignage Sign In Page :https://digitalsignage.jio.com/users/sign in . 2.Now enter valid credentials and click on get OTP . 3.Enter OTP and click on submit OTP . 4.click on head user top right 2nd option. 5.Click on switch to base account>now click on search drop down and select any base account>press ok and cancel button and observe the behavior. | G46: "Ok" and "cancel" button should work after selecting any base item from the list. | H46: test_verifyOkCancelButtonOnChangeAccount
A47: TC47 | B47: Functionality | C47: Dashboard | D47: Profile | E47: Check user able to select the view profile OTP ion. | F47: 1.Enter URL in address bar JioSignage Sign In Page :https://digitalsignage.jio.com/users/sign in . 2.Now enter valid credentials and click on get OTP . 3.Enter OTP and click on submit OTP . 4.click on profile icon top right 1st OTP ion and observe the behaviour. | G47: It should redirect to profile page and user will see the User Name, Email Address, Phone number, Password. | H47: test_verifyProfileOptions
A48: TC48 | B48: Functionality | C48: Dashboard | D48: Profile | E48: Check user able to click "save" and "cancel" option" from user name OSD. | F48: 1.Enter URL in address bar JioSignage Sign In Page :https://digitalsignage.jio.com/users/sign in . 2.Now enter valid credentials and click on get OTP . 3.Enter OTP and click on submit OTP . 4.click on profile icon top right 1st option>click on edit option in username>edit name>click on save and cancel option and observe the behavior. | G48: User should able to select the save and cancel option. | H48: test_verifySaveCancelOptionOnChangeName
A49: TC49 | B49: Functionality | C49: Dashboard | D49: Profile | E49: Check user able to click "save" and "cancel" option" from new phone number OSD. | F49: 1.Enter URL in address bar JioSignage Sign In Page :https://digitalsignage.jio.com/users/sign in . 2.Now enter valid credentials and click on get OTP . 3.Enter OTP and click on submit OTP . 4.click on profile icon top right 1st option>click on edit option in phone number>edit phone number>click on save and cancel option and observe the behavior. | G49: User should able to select the save and cancel option. | H49: test_verifySaveCancelOptionOnChangePhone
A50: TC50 | B50: Functionality | C50: Dashboard | D50: Profile | E50: Verify user able to close the new phone number osd by clicking "X" | F50: 1.Enter URL in address bar JioSignage Sign In Page :https://digitalsignage.jio.com/users/sign in . 2.Now enter valid credentials and click on get OTP . 3.Enter OTP and click on submit OTP . 4.click on profile icon top right 1st option>click on edit option in phone number>edit phone number>click on "X" option and observe. | G50: User should able to select "X" option. | H50: test_verifyCrossOnEditPhoneNum
A51: TC51 | B51: Functionality | C51: Dashboard | D51: Profile | E51: Check user able to update the password with two different password in two different field and observe. | F51: 1.Enter URL in address bar JioSignage Sign In Page :https://digitalsignage.jio.com/users/sign in . 2.Now enter valid credentials and click on get OTP . 3.Enter OTP and click on submit OTP . 4.click on profile icon top right 1st option>click on edit OTP ion in password field>enter password on new password field>In New password confirm field enter another password which is different for new password field>click on save option and observe the behavior. | G51: It should lead error message on display "Doesn't match confirmation". | H51: test_verifyUpdateMismatchPas
A52: TC52 | B52: Functionality | C52: Dashboard | D52: Profile | E52: Verify user able to close the new phone number osd by clicking "X" | F52: 1.Enter URL in address bar JioSignage Sign In Page :https://digitalsignage.jio.com/users/sign in . 2.Now enter valid credentials and click on get OTP . 3.Enter OTP and click on submit OTP . 4.click on profile icon top right 1st option>click on edit option in password>edit password>click on "X" option and observe. | G52: User should able to select "X" option. | H52: test_verifyCrossOnEditPassword
A53: TC53 | B53: Functionality | C53: Dashboard | D53: Profile | E53: Verify user able to select the view service plan from profile. | F53: 1.Enter URL in address bar JioSignage Sign In Page :https://digitalsignage.jio.com/users/sign in . 2.Now enter valid credentials and click on get OTP . 3.Enter OTP and click on submit OTP . 4.click on profile icon top right 1st option>click on view service plan and observe the behavior. | G53: It should redirect to service plan page it should display Plan Name Demo. Server Usage. Number of Display. | H53: test_verifyServicePlan
A54: TC54 | B54: Functionality | C54: Dashboard | D54: Profile | E54: Verify user able to select the help OTP ion from profile icon. | F54: 1.Enter URL in address bar JioSignage Sign In Page :https://digitalsignage.jio.com/users/sign in . 2.Now enter valid credentials and click on get OTP . 3.Enter OTP and click on submit OTP . 4.click on profile icon top right 1st OTP ion>click on help OTP ion and observe the behaviour. | G54: It should redirect to help line page. | H54: test_JioHelpOnProfile
A55: TC55 | B55: Functionality | C55: Dashboard | D55: Profile | E55: Verify user able to select the logout option from profile icon. | F55: 1.Enter URL in address bar JioSignage Sign In Page :https://digitalsignage.jio.com/users/sign in . 2.Now enter valid credentials and click on get OTP . 3.Enter OTP and click on submit OTP . 4.click on profile icon top right 1st option>click on logout >click on option and observe the behavior. | G55: User should logout the JioSignage page by clicking logout. | H55: test_logout
A56: TC56 | B56: Functionality | C56: Dashboard | D56: Profile | E56: Click on FAQ and observe the behavior. | F56: 1.Enter URL in address bar JioSignage Sign In Page :https://digitalsignage.jio.com/users/sign in . 2.Now enter valid credentials and click on get OTP . 3.Enter OTP and click on submit OTP . 4.Now scroll down select FAQ option which is available in down side right fourth option and observe the behavior. | G56: It should redirect to frequently asked question page with options listed below. Search bar. JioSignage Display Trouble Shooting Content Proof of Play. | H56: test_verifyFAQ
... A59: TC59 | B59: Functionality | C59: Dashboard | D59: Launch dashboard. | E59: Click on Terms and condition option and observe the behavior. | F59: 1.Enter URL in address bar JioSignage Sign In Page :https://digitalsignage.jio.com/users/sign in . 2.Now enter valid credentials and click on get OTP . 3.Enter OTP and click on submit OTP . 4.Now scroll down select Privacy policy option which is available in down side right first option and observe the behavior. | G59: Terms and condition page should appears in display. | H59: test_verifyTermsAndConditions
A60: TC60 | B60: Functionality | C60: Dashboard | D60: Location wise display | E60: Check user able to see the Location wise display details box in dashboard page. | F60: 1.Enter URL in address bar JioSignage Sign In Page :https://digitalsignage.jio.com/users/sign in . 2.Now enter valid credentials and click on get OTP . 3.Enter OTP and click on submit OTP . 4.Now observe the Location wise display box feature box. | G60: User should able to see the display status box in 7th row in dashboard page.
A61: TC61 | B61: Functionality | C61: Dashboard | D61: Location wise display | E61: Verify user able to zoom in and zoom out using + and - symbols which is available in left side top on location wise display section. | F61: 1.Enter URL in address bar JioSignage Sign In Page :https://digitalsignage.jio.com/users/sign in . 2.Now enter valid credentials and click on get OTP . 3.Enter OTP and click on submit OTP . 4.Now observe the Location wise display box feature box. 5.Now click on + and - icon and | G61: Zoom in (+) and zoon out(-) functional should work as per RIL requirement.
A62: TC62 | B62: Functionality | C62: Dashboard | D62: Location wise display | E62: Verify user able to zoom in and zoom out using two finger pinch in /out on map. | F62: 1.Enter URL in address bar JioSignage Sign In Page :https://digitalsignage.jio.com/users/sign in . 2.Now enter valid credentials and click on get OTP . 3.Enter OTP and click on submit OTP . 4.Now observe the Location wise display box feature box > observe the map. 5.check two finger zoom in/out using trackpad. | G62: User should able to zoom in/out using to finger pinch on/out by trackpad of laptop.
A63: TC63 | B63: Functionality | C63: Dashboard | D63: Location wise display | E63: Verify user able to see the city wise display locations on map. | F63: 1.Enter URL in address bar JioSignage Sign In Page :https://digitalsignage.jio.com/users/sign in . 2.Now enter valid credentials and click on get OTP . 3.Enter OTP and click on submit OTP . 4.Now observe the Location wise display box feature box. 5.Now click on + and - icon and 6.Now observe the location tags in map. | G63: User able to see the display location in location wise display section.
A64: TC64 | B64: Functionality | C64: Dashboard | D64: Location wise display | E64: Verify user able to see the created locations display is reflecting location wise display. | F64: 1.Enter URL in address bar JioSignage Sign In Page :https://digitalsignage.jio.com/users/sign in . 2.Now enter valid credentials and click on get OTP . 3.Enter OTP and click on submit OTP . 4.Now observe the Location wise display box feature box. 5.Now click on content>displays>click on + icon (add new display)>Now add details in respective sections and click add . 6.Login into the display at client side with same credentials and make the client display Online. 7.Now go to Dashboard and observe the location as updated in location wise display section. | G64: Newly added location details should reflect and location indication should show in location wise display.
A65: TC65 | B65: Functionality | C65: Dashboard | D65: Location wise display | E65: Verify user able to see the display status in location wise display page. | F65: 1.Enter URL in address bar JioSignage Sign In Page :https://digitalsignage.jio.com/users/sign in . 2.Now enter valid credentials and click on get OTP . 3.Enter OTP and click on submit OTP . 4.Now observe the Location wise display box feature box. 5.Now Place the mouse on location indication and observe. | G65: Correct Display details should display when we place mouse pointer lo location indication.
A66: TC66 | B66: Functionality | C66: Dashboard | D66: Cable Status | E66: Verify cable status showing correct cable status | F66: 1.Enter URL in address bar JioSignage Sign In Page :https://digitalsignage.jio.com/users/sign in . 2.Now enter valid credentials and click on get OTP . 3.Enter OTP and click on submit OTP . 4.Now observe the cable status box feature box. 5.Now observe the cable status. | G66: Cable status should show correct disconnected cable status , as per Delivery Management page | H66: test_Displaydisconnected_dashboard
A67: TC67 | B67: Functionality | C67: Dashboard | D67: Tag wise display | E67: Verify Tag wise display details are correct | F67: 1.Enter URL in address bar JioSignage Sign In Page :https://digitalsignage.jio.com/users/sign in . 2.Now enter valid credentials and click on get OTP . 3.Enter OTP and click on submit OTP . 4.Now observe the tag wise display feature box. 5.click on any chat bar from the tag wise box and observe display details>now navigate to display and observe. | G67: Tag wise display details should match with actual details in the display page. | H67: test_verifytagwisecount
A68: TC69 | B68: Functionality | C68: Dashboard | D68: Location wise display | E68: Verify user able to see the Online display details , when filter ONLINE in location wise display page. | F68: 1.Enter URL in address bar JioSignage Sign In Page :https://digitalsignage.jio.com/users/sign in . 2.Now enter valid credentials and click on get OTP . 3.Enter OTP and click on submit OTP . 4.Now observe the Location wise display box feature box. 5. click on all drop down and select online and observe. | G68: User should see the correct online display details when we apply filter to online only"
A69: TC70 | B69: Functionality | C69: Dashboard | D69: Location wise display | E69: Verify user able to see the Offline display details , when filter OFFLINE in location wise display page. | F69: 1.Enter URL in address bar JioSignage Sign In Page :https://digitalsignage.jio.com/users/sign in . 2.Now enter valid credentials and click on get OTP . 3.Enter OTP and click on submit OTP . 4.Now observe the Location wise display box feature box. 5. click on all drop down and select offline and observe. | G69: User should see the correct offline display details when we apply filter to offline only"
A70: TC71 | B70: Functionality | C70: Dashboard | D70: Location wise display | E70: Verify user able to see the Cable disconnected details , when filter "CABLE DISCONNECTED" in location wise display page. | F70: 1.Enter URL in address bar JioSignage Sign In Page :https://digitalsignage.jio.com/users/sign in . 2.Now enter valid credentials and click on get OTP . 3.Enter OTP and click on submit OTP . 4.Now observe the Location wise display box feature box. 5. click on all drop down and select cable disconnect and observe. | G70: User should see the correct display details when we apply filter to cable disconnected.
A71: TC72 | B71: Functionality | C71: Dashboard | D71: Available List of information cards | E71: Verify different card available in the Dashboard page | F71: 1.Enter URL in address bar JioSignage Sign In Page :https://digitalsignage.jio.com/users/sign in . 2.Now enter valid credentials and click on get OTP . 3.Enter OTP and click on submit OTP. 4.Go to Dashboard page . 5. Verify that Dashboard page has following information cards. 1. Display License. 2. Storage status. 3.Display Status. 4. Cable Status 5. Media Uploaded. 6. Layout 7. Playlist 8.Schedule 9.Display Offline Since. 10. Tag wise display 11 State wise display 12. City wise display. 13 Location wise display | G71: User should able to see all these information cards on Dashboard page | H71: test_informationCards

Sheet Materials
A1: Sr. No | B1: Test Type | C1: Functionality Name | D1: Sub Functionality | E1: Test Objective | F1: Test Steps | G1: Expected Behaviour | H1: Automation test case name | I1: Result | J1: Comment
A2: TC1 | B2: Functionality | C2: Media | D2: Landing Page | E2: Verify Media table should be empty when no Media are uploaded | F2: 1. Launch JioSignage Sign In Page : https://digitalsignage.jio.com/users/sign_in . 2. Login with valid credentials. 3.Click content management > Media 4. Observe the Table | G2: 1. Table should be empty 2. No data available in the table text should be written 3. Showing 0 to 0 of 0 entries text should be written at the bottom of the table | H2: test_materialPage_noDataUploaded
A3: TC2 | B3: Functionality | C3: Media | D3: Add New Material | E3: Verify add new Media functionality | F3: 1. Launch JioSignage Sign In Page : https://digitalsignage.jio.com/users/sign_in . 2. Login with valid credentials. 3.Click content management > media 4.Click Add new media (+) button that present on right side. 5. Observe | G3: 1. Upload Media OSD should open 2. Verify supported file formats , Max size, max file limits and close button are present | H3: test_addNewMaterial_OSD
A4: TC3 | B4: Functionality | C4: Media | D4: Browse | E4: Verify browse functionality | F4: 1.Launch JioSignage Sign In Page : https://digitalsignage.jio.com/users/sign_in . 2.Login with valid credentials. 3.Click content management > media 4. Click Add new media (+) button that present on right side. 5.On Upload Media OSD click on browse 6.Select a file -> Click on Open 7.Observe | G4: 1. User should be able to browse files from system 2. The Selected file should be observed after the file is selected | H4: test_addNewMaterial_clickOnBrowse
A5: TC4 | B5: Functionality | C5: Media | D5: Upload Functionality | E5: Verify user is able to Upload JPEG File Type as a media | F5: 1. Launch JioSignage Sign In Page : https://digitalsignage.jio.com/users/sign_in . 2. Login with valid credentials. 3.Click content management > media 4.Click Add new media (+) button that present on right side. 5. Click on "Drag and Drop files here or click to browse". 6. select the Jpeg file or perform drag and drop operation . 7. Click on open. 8. Click on Upload | G5: 1. Media uploaded successfully message should be observed. 2.User should be able to upload JPEG File Type as a material 3. The uploaded media should be observed in Material Table | H5: test_addNewMaterial_JPEG
A6: TC5 | B6: Functionality | C6: Media | D6: Upload Functionality | E6: Verify user is able to Upload PNG File Type as a media | F6: 1. Launch JioSignage Sign In Page : https://digitalsignage.jio.com/users/sign_in . 2. Login with valid credential. 3.Click content management > media 4.Click Add new media (+) button that present on right side. 5. Click on "Drag and Drop files here or click to browse". 6. select the file or perform drag and drop operation. 7. Click on open. 8. Click on Upload | G6: 1. Material uploaded successfully notification should be observed 2.User should be able to upload PNG Image File Type as a material 3. The uploaded material should be observed in Material Table | H6: test_addNewMaterial_PNG
A7: TC6 | B7: Functionality | C7: Media | D7: Upload Functionality | E7: Verify user is able to upload GIF File Type as a media | F7: 1. Launch JioSignage Sign In Page : https://digitalsignage.jio.com/users/sign_in . 2. Login with valid credentials 3.Click content management > media 4.Click Add new media (+) button that present on right side. 5. Click on "Drag and Drop files here or click to browse". 6. select the file or perform drag and drop operation. 7. Click on open. 8. Click on Upload | G7: 1. Media uploaded successfully notification should be observed 2.User should be able to upload GIF Image File Type as a material 3. The uploaded material should be observed in Material Table | H7: test_addNewMaterial_GIF
A8: TC7 | B8: Functionality | C8: Media | D8: Upload Functionality | E8: Verify user is able to upload JFIF File Type as a media | F8: 1. Launch JioSignage Sign In Page : https://digitalsignage.jio.com/users/sign_in . 2. Login with valid credentials 3.Click content > material 4.Click Add new media (+) button that present on right side. 5. Click on "Drag and Drop files here or click to browse". 6. select the file or perform drag and drop operation. 7. Click on open. 8. Click on Upload | G8: 1. Media uploaded successfully notification should be observed 2.User should be able to upload JFIF Image File Type as a material | H8: test_addNewMaterial_JFIF
A9: TC8 | B9: Functionality | C9: Media | D9: Upload Functionality | E9: Verify user is able to upload MP4 File Type as a media | F9: 1. Launch JioSignage Sign In Page : https://digitalsignage.jio.com/users/sign_in . 2. Login with valid credentials. 3.Click content management > media 4.Click + icon on to right side. 5. Click on "Drag and Drop files here or click to browse". 6. select the file or perform drag and drop operation. 7. Click on open. 8. Click on Upload | G9: 1. Media uploaded successfully notification should be observed 2.User should be able to upload MP4 File Type as a material 3. The uploaded material should be observed in Material Table | H9: test_addNewMaterial_MP4
A10: TC9 | B10: Functionality | C10: Media | D10: Upload Functionality | E10: Verify user is able to upload MOV File Type as a media | F10: 1. Launch JioSignage Sign In Page : https://digitalsignage.jio.com/users/sign_in . 2. Login with valid credentials. 3.Click content management > media 4.Click Add new media (+) button that present on right side. 5. Click on "Drag and Drop files here or click to browse". 6. select the file or perform drag and drop operation. 7. Click on open. 8. Click on Upload | G10: 1. Media uploaded successfully notification should be observed 2.User should be able to upload MOV File Type as a material 3. The uploaded material should be observed in Material Table | H10: test_addNewMaterial_MOV
A11: TC10 | B11: Functionality | C11: Media | D11: Upload Functionality | E11: Verify user is able to upload Webm File Type as a media | F11: 1. Launch JioSignage Sign In Page : https://digitalsignage.jio.com/users/sign_in . 2. Login with valid credentials 3.Click content management > media 4.Click Add new media (+) button that present on right side. 5. Click on "Drag and Drop files here or click to browse". 6. select the file or perform drag and drop operation. 7. Click on open. 8. Click on Upload | G11: 1. Media uploaded successfully notification should be observed 2.User should be able to upload Webm File Type as a media 3. The uploaded material should be observed in Media Table | H11: test_addNewMaterial_Webm
A12: TC11 | B12: Functionality | C12: Media | D12: Upload Functionality | E12: Verify user is able to upload MP3 File Type as a media | F12: 1. Launch JioSignage Sign In Page : https://digitalsignage.jio.com/users/sign_in . 2. Login with valid credentials. 3.Click content management > media 4.Click + icon on to right side. 5. Click on "Drag and Drop files here or click to browse". 6. select the file or perform drag and drop operation. 7. Click on open. 8. Click on Upload | G12: 1. Media uploaded successfully notification should be observed 2.User should be able to upload MP3 File Type as a media 3. The uploaded media should be observed in Media Table | H12: test_addNewMaterial_MP3
A13: TC12 | B13: Functionality | C13: Media | D13: Upload Functionality | E13: Verify user is able to upload Ogg Vorbis File Type as a media | F13: 1. Launch JioSignage Sign In Page : https://digitalsignage.jio.com/users/sign_in . 2. Login with valid credential 3.Click content management > media 4.Click Add new media (+) button that present on right side. 5. Click on "Drag and Drop files here or click to browse". 6. select the file or perform drag and drop operation. 7. Click on open. 8. Click on Upload | G13: 1. Media uploaded successfully notification should be observed 2.User should be able to upload Ogg Vorbis File Type as a media 3. The uploaded media should be observed in Media Table | H13: test_addNewMaterial_OGG
... A70: TC69 | B70: Functionality | C70: Material | D70: Arrow button functionality | E70: Verify left arrow (<) on bottom right corner on Materials | F70: 1. Launch JioSignage Sign In Page : https://digitalsignage.jio.com/users/sign_in . 2. Login with valid credentials. 3. Click content management> Media> upload Material 4. Click (<) arrow on bottom right corner. | G70: User should be able to see the previous set of entries by clicking on < | H70: test_verifyPreviousOptionOnMaterial
A71: TC70 | B71: Functionality | C71: Media | D71: Upload Functionality | E71: Verify user will get a warning message when uploading a file while storage is full | F71: Pre-Condition : Storage should be Full Steps : 1. Launch JioSignage Sign In Page : https://digitalsignage.jio.com/users/sign_in . 2. Login with valid credentials. 3. Click content management > Media 4. Click on Add new media 5. Click on "Drag and drop file here or click to browse" 6. Select Files according your choice 7. Click on Open 8. Click on upload | G71: User should get a warning message like "File is too big, max file size allowed is remaining storage". Also File upload should not happen.
A72: TC71 | B72: Functionality | C72: Media | D72: Shared functionality | E72: Verify user able to create Shared folder through Add folder option | F72: Steps : 1. Launch JioSignage Sign In Page : https://digitalsignage.jio.com/users/sign_in . 2. Login with valid credentials. 3. Click content management > Media 4. Click on Add folder button 5. Enter any name 6. Select the Shared checkbox 7. Click on Add | G72: User should get the message like "Folder has been successfully added" . Verify name of the folder in folder list.
A73: TC72 | B73: Functionality | C73: Shared Folder | D73: Upload Media | E73: Verify user able to upload media in shared folder that created through Add folder option | F73: Steps : 1. Launch JioSignage Sign In Page : https://digitalsignage.jio.com/users/sign_in . 2. Login with valid credentials. 3. Click content management > Media 4. Click on Add Folder button 5. Enter any name 6. Select the Shared checkbox 7. Click on Add 8. Click on Add Media(+) option 9. Click on "Drag and drop files here or click to browse" 10. Select required files and click on open 11. Click on upload | G73: User should able to upload media in the share folder that created through Add folder option
A74: TC73 | B74: Functionality | C74: Shared Folder | D74: Delete Media | E74: Verify user able to delete the files from shared folder that created through Add Folder option | F74: Steps : 1. Launch JioSignage Sign In Page : https://digitalsignage.jio.com/users/sign_in . 2. Login with valid credentials. 3. Click content management > Media 4. Click on Add media button(+) 5. Enter any name 6. Select the Shared checkbox 7. Click on Add 8. Add some file in that folder 9. Click on the checkbox for required media 10. Click on 3 dot 11. Click on Move to trash 12. Click on Ok | G74: User should able to delete the files from Shared folder that created through Add folder option
A75: TC74 | B75: Functionality | C75: Shared Folder | D75: Move Media | E75: Verify user able to move the files from shared folder to other folder that created through Add Folder option | F75: Steps : 1. Launch JioSignage Sign In Page : https://digitalsignage.jio.com/users/sign_in . 2. Login with valid credentials. 3. Click content management > Media 4. Click on Add Folder button 5. Enter any name 6. Select the Shared checkbox 7. Click on Add 8. Add some file in that folder 9. Click on the checkbox for required media 10. Click on 3 dot 11. Click on Move material 12. Click on Search and select the folder name 13. Click on Move | G75: User should able to move the media files from Shared folder to other folder
A76: TC75 | B76: Functionality | C76: Shared Folder | D76: Copy to Shared | E76: Verify user able to copy the files to Shared folder through "Copy to Shared folder" option | F76: Steps : 1. Launch JioSignage Sign In Page : https://digitalsignage.jio.com/users/sign_in . 2. Login with valid credentials. 3. Click content management > Media 4. Click on Add media button 5. Enter any name 6. Select the Shared checkbox 7. Click on Add 8. Add some file in that folder 9. Click on the checkbox for required media 10. Click on 3 dot 11. Click on Copy to Shared 12. Click on Ok | G76: User should able to copy the media files to Shared folder directly
A77: TC76 | B77: Functionality | C77: Shared Folder | D77: Create Playlist | E77: Verify user able to create new playlist using Shared folder files that created through Add Folder option | F77: Steps : 1. Launch JioSignage Sign In Page : https://digitalsignage.jio.com/users/sign_in . 2. Login with valid credentials. 3. Click content management > Media 4. Click on Add media button 5. Enter any name 6. Select the Shared checkbox 7. Click on Add 8. Add some file in that folder 9. Click on the checkboxes for required media 10. Click on 3 dot 11. Click on "Create playlist" 12. Select the radio button "New playlist" 13. Enter any playlist name 14. Set Image Default duration in sec 15. Click On Add | G77: User should able to create new playlist using shared folder media files
A78: TC77 | B78: Functionality | C78: Shared Folder | D78: Add Media to Existing Playlist | E78: Verify user able to add the shared folder files in Existing Playlist through "Create Playlist" option | F78: Steps : 1. Launch JioSignage Sign In Page : https://digitalsignage.jio.com/users/sign_in . 2. Login with valid credentials. 3. Click content management > Media 4. Click on Add media button 5. Enter any name 6. Select the Shared checkbox 7. Click on Add 8. Add some file in that folder 9. Click on the checkboxes for required media 10. Click on 3 dot 11. Click on "Create playlist" 12. Select the radio button "Existing playlist" 13. Select the Existing folder name 14. Set Image Default duration in sec 15. Click on Add | G78: User should able to add the shared folder files in existing playlist through "Create Playlist" option
A79: TC78 | B79: Functionality | C79: Media | D79: Move Media | E79: Verify user is able to move media file | F79: 1. Launch JioSignage Sign In Page : https://digitalsignage.jio.com/users/sign_in . 2. Login with valid credentials. 3.Click content management > media 4.Select any existing media(image) file. 5. Go to 3 dot button menu and select Move Media option. 6. Select required folder option and click Move button. | G79: User should be able to move media to desired folder | H79: test_MoveMedia
A80: TC79 | B80: Functionality | C80: Media | D80: Create playlist | E80: Verify Create Playlist feature from Material section | F80: 1. Launch JioSignage Sign In Page : https://digitalsignage.jio.com/users/sign_in . 2. Login with valid credentials. 3.Click content management > media 4.Select any existing media(image) file. 5. Go to 3 dot button menu and select create playlist 6. Enter name of the playlist and select duration of media 7. Click Add | G80: User should be able to create a playlist | H80: test_CreatePlaylistFromMediaPage

Sheet Layouts
A1: Sr. No | B1: Test Type | C1: Functionality Name | D1: Sub Functionality | E1: Test Objective | F1: Test Steps | G1: Expected Behavior | H1: Automation test case name | I1: Result | J1: Comment
A2: TC1 | B2: Functionality | C2: Layout Creation | D2: Add new Layout option | E2: Check the add new Layout option | F2: 1. Launch JioSignage (https://digitalsignage.jio.com/users/sign_in) in browser. 2. Login with valid credential. 3. Select Layouts page from home screen via path : Dashboard > Content Management > Layouts. 4. Hover the curser on + icon (Add new layout). 5. Click on the + icon > observe. | G2: 1. Hovering over the option should shows tooltip as 'Add new Layout'. 2. By click on add new option Create Layouts screen should be opened. | H2: test_addNewContent_Option
A3: TC2 | B3: Functionality | C3: Create new Layout | D3: Layout Name | E3: Check Add new Layout name (With Supported input) | F3: 1. Launch JioSignage (https://digitalsignage.jio.com/users/sign_in) in browser. 2. Login with valid credential. 3. Select Layouts page from home screen via path : Dashboard > Content Management > Layouts. 4. Click on the + icon (Add new layout). 5. Provide sample name " 1M. _" (It is a supported input as per specification) in Layout name field . 6. Select Blank Template option > click on "Add" button to save layout. | G3: >User should able to add the Layouts name, Only with supported input characters (Only letters, numbers, dots, spaces and underscores are allowed). Verify that Layout Name field is accepting only supported input as per specification provided (Only letters, numbers, dots, spaces and underscores are allowed). | H3: test_addNewContent
A4: TC3 | B4: Functionality | C4: Create new Layout | D4: Layout Name | E4: Check Add new Layouts name (With non-supported input) | F4: 1. Launch JioSignage (https://digitalsignage.jio.com/users/sign_in) in browser. 2. Login with valid credential. 3. Select Layouts page from home screen via path : Dashboard > Content Management > Layouts. 4. Click on the + icon (Add new layout). 5. Provide sample name " @, $.. " (It is a non-supported input as per specification) in Layout name field . 6. Select Blank Template option > click on "Add" button to save layout. | G4: >It should show error message as '(Only letters, numbers, dots, spaces and underscores are allowed)'. | H4: test_addNewContent_SpecialChar
A5: TC4 | B5: Functionality | C5: Create new Layout | D5: Screen Orientation | E5: Check screen orientation options availability | F5: 1. Launch JioSignage (https://digitalsignage.jio.com/users/sign_in) in browser. 2. Login with valid credential. 3. Select Layouts page from home screen via path : Dashboard > Content Management > Layouts. 4. Observe the Create new Layout screen. 5. Observe the Screen orientation options and switch between Horizontal and Vertical options. | G5: >User should able to select between screen orientation options from Vertical or Horizontal. | H5: test_VerticalHorizontal_option
A6: TC5 | B6: Functionality | C6: Create new Layouts | D6: Resolution | E6: Check the Resolution options for Horizontal screen orientation | F6: 1. Launch JioSignage (https://digitalsignage.jio.com/users/sign_in) in browser. 2. Login with valid credential. 3. Select Layouts page from home screen via path : Dashboard > Content Management > Layouts. 4. Select the Horizontal orientation from the create new Layout screen. 5. Click on the resolution option from the dropdown and check each and every resolution from the dropdown. > The resolutions are as follows: 1) 1920 x 1020 (HD 1080p) 2) 3840 x 2160 (4k) 3) 7680 x 4320 (8k) 4) 1366 x 768 (HD) 5) 1280 x 752 6) 1280 x 720 (Full HD) 7) 1024 x 768 (XGA - iPad, etc.) 8) Other resolution | G6: It should show the following resolution options, and the user should be able to select and set each one: 1) 1920 x 1020 (HD 1080p) 2) 3840 x 2160 (4k) 3) 7680 x 4320 (8k) 4) 1366 x 768 (HD) 5) 1280 x 752 6) 1280 x 720 (Full HD) 7) 1024 x 768 (XGA (iPad ,etc..) 8) Other resolution | H6: test_ResolutionDropdown_HorizontalSelected
A7: TC6 | B7: Functionality | C7: Create new Layout | D7: Resolution | E7: Check the Resolution options for vertical Screen orientation | F7: 1. Launch JioSignage (https://digitalsignage.jio.com/users/sign_in) in browser. 2. Login with valid credential. 3. Select Layouts page from home screen via path : Dashboard > Content Management > Layouts. 4. Select the Vertical orientation from the create new Layout screen. 5. Click on the resolution option from the dropdown and check each and every resolution from the dropdown. > The resolutions are as follows: 1) 1080 x 1920 (HD 1080p) 2) 4320 x 7680 (8k) 3) 2160 x 3840 (4k) 4) 720 x 1280 (HD 720p) 5) Other resolution | G7: It should show the following resolution options, and the user should be able to select and set each one: 1) 1080 x 1920 (HD 1080p) 2) 4320 x 7680 (8k) 3) 2160 x 3840 (4k) 4) 720 x 1280 (HD 720p) 5) Other resolution | H7: test_ResolutionDropdown_VerticalSelected
A8: TC7 | B8: Functionality | C8: Create new Layouts | D8: Custom Resolution | E8: Check custom resolution set for Layouts | F8: 1. Launch JioSignage (https://digitalsignage.jio.com/users/sign_in) in browser. 2. Login with valid credential. 3. Select Layouts page from home screen via path : Dashboard > Content Management > Layouts. 4. Select any screen orientation option. 5. select other resolution option from dropdown of resolution. 6. select blank/other option > observe. | G8: >user should be able to enter the custom resolution >User should able to create the new Layouts with custom resolution | H8: test_AddNewContent_CustomResolution
A9: TC8 | B9: Functionality | C9: Create new Layouts | D9: Template | E9: Check the templates to create new Layouts | F9: 1. Launch JioSignage (https://digitalsignage.jio.com/users/sign_in) in browser. 2. Login with valid credential. 3. Select Layouts page from home screen via path : Dashboard > Content Management > Layouts. 4. click on add new Layouts option. 5. observe the create new Layouts screen. 6. observe the templates | G9: >Below templates should be available on the create new Layouts screen 1. Blank 2. An template for playing video 3. An template for splitting the screen >User should be able to create the new Layouts with selected template option | H9: test_addNewContent_slideOptions
A10: TC9 | B10: Functionality | C10: Template | D10: Blank Template | E10: Check able to create Layouts using a blank template | F10: 1. Launch JioSignage (https://digitalsignage.jio.com/users/sign_in) in browser. 2. Login with valid credential. 3. Select Layouts page from home screen via path : Dashboard > Content Management > Layouts. 4. Click on the add new Layouts option. 5. Enter the Layouts Name. 6. Select Blank option.. 7. Click on add button. 7. observe. | G10: >User should able to create Layouts with blank template. | H10: test_addNewContent_BlankSlide
A11: TC10 | B11: Functionality | C11: Template | D11: For Document | E11: Check able to create Layouts using Document template | F11: 1. Launch JioSignage (https://digitalsignage.jio.com/users/sign_in) in browser. 2. Login with valid credential. 3. Select Layouts page from home screen via path : Dashboard > Content Management > Layouts. 4. Click on the add new Layouts option. 5. Enter the Layouts Name. 6. Select for document option 7. Click on add button. 8. observe. | G11: >User should able to create Layouts with only document supported template.
A12: TC11 | B12: Functionality | C12: Document Template | D12: PPT file | E12: Check able to add the PPT file to document type Layouts | F12: 1. Launch JioSignage (https://digitalsignage.jio.com/users/sign_in) in browser. 2. Login with valid credential. 3. Select Layouts page from home screen via path : Dashboard > Content Management > Layouts. 3. Click on the "Add New Layouts" option. 4. Enter Layouts name > select document type template > click on add option > observe the Layouts created with edit Layouts screen. 5. select head folder > select documents > select the PPT file > drag the selected file and drop it to the slide. 6. Observe the processing pop up > observe the save Layouts pop up> click on save option > observe. | G12: >User should able to drag and drop the selected file to slide. >After click on save option from pop up it should create the each slide of the PPT to respective Layouts slides.
A13: TC12 | B13: Functionality | C13: Document Template | D13: Docx File | E13: Check able to add the Docx file to document type Layouts | F13: 1. Launch JioSignage (https://digitalsignage.jio.com/users/sign_in) in browser. 2. Login with valid credential. 3. Select Layouts page from home screen via path : Dashboard > Content Management > Layouts. 4. Click on the add new Layouts option. 5. enter Layouts name > select document type template > click on add option > observe the Layouts created with edit Layouts screen. 6. select head folder > select documents > select the PPT file > drag the selected file and drop it to the slide. 7. Observe the processing pop up > observe the save Layouts pop up> click on save option > observe. | G13: >User should able to drag and drop the selected file to slide. >After click on save option from pop up it should create the each page of the Docx file to respective Layouts slides.
A14: TC13 | B14: Functionality | C14: Document Template | D14: PDF file | E14: Check able to add the PDF file to document type Layouts | F14: 1. Launch JioSignage (https://digitalsignage.jio.com/users/sign_in) in browser. 2. Login with valid credential. 3. Select Layouts page from home screen via path : Dashboard > Content Management > Layouts. 4. Click on the add new Layouts option. 5. enter Layouts name > select document type template > click on add option > observe the Layouts created with edit Layouts screen. 6. select head folder > select documents > select the PDF file > drag the selected file and drop it to the slide. 7. Observe the processing pop up > observe the save Layouts pop up> click on save option > observe. | G14: >User should able to drag and drop the selected file to slide. >After click on save option from pop up it should create the each page of the PDF file to respective Layouts slides.
A15: TC14 | B15: Functionality | C15: Document Template | D15: Cancel process | E15: Check able to cancel the processing of slides creation | F15: 1. Launch JioSignage (https://digitalsignage.jio.com/users/sign_in) in browser. 2. Login with valid credential. 3. Select Layouts page from home screen via path : Dashboard > Content Management > Layouts. 4. Select Layouts page from home screen via path : Dashboard > Content Management > Layouts. 5. Click on the add new Layouts option. 6. enter Layouts name > select document type template > click on add option > observe the Layouts created with edit Layouts screen. 7. select head folder > select documents > select the PDF/PPT/Docx file > drag the selected file and drop it to the slide of the Layouts. 8. Observe the processing pop up > click on the cancel option from the pop up. 9. Observe the edit Layouts screen behavior. | G15: >It should stop the Document to slide creation process. >It should not create the slides of the dragged file and cancel the operation.
A16: TC15 | B16: Functionality | C16: Document Template | D16: Edit Layouts | E16: Check If able to edit the Layouts created using Document template | F16: 1. Launch JioSignage (https://digitalsignage.jio.com/users/sign_in) in browser. 2. Login with valid credential. 3. Select Layouts page from home screen via path : Dashboard > Content Management > Layouts. 4. Click on the add new Layouts option. 5. enter Layouts name > select document type template > click on add option > observe the Layouts created with edit Layouts screen. 6. select head folder > select documents > select the PDF/PPT/Docx file > drag the selected file and drop it to the slide of the Layouts. 7. Observe the edit Layouts screen. 8. Check if able to edit the Layouts screen options like Add slide , delete slide ,add audio , set expiry , approval. | G16: >User should able to edit the Layouts with respective features available on the screen to Modify the slides , add materials , Set expiry etc..
A17: TC16 | B17: Functionality | C17: Document Template | D17: Edit slide | E17: Check if able to edit the slide of the Layouts created using Document templates | F17: 1. Launch JioSignage (https://digitalsignage.jio.com/users/sign_in) in browser. 2. Login with valid credential. 3. Select Layouts page from home screen via path : Dashboard > Content Management > Layouts. 4. Click on the add new Layouts option. 5. enter Layouts name > select document type template > click on add option > observe the Layouts created with edit Layouts screen. 6. select head folder > select documents > select the PDF/PPT/Docx file > drag the selected file and drop it to the slide of the Layouts. 7.Observe the edit Layouts screen with slides created > select the slide. 8. Click on the edit option from the slide > check able to edit the slide by adding multiple objects , set refresh rate etc... | G17: >User should able to edit the slides of the Layouts created with document template. >User should able to add objects to the slide. >User should able to modify the slide using available options.
A18: TC17 | B18: Functionality | C18: Template | D18: For Playing Video | E18: Check able to create Layouts using Playing video template | F18: 1. Launch JioSignage (https://digitalsignage.jio.com/users/sign_in) in browser. 2. Login with valid credential. 3. Select Layouts page from home screen via path : Dashboard > Content Management > Layouts. 4. Click on the add new Layouts option. 5. Enter the Layouts Name. 6. Select For video playing option 7. Click on add button. 8. observe. | G18: >User should able to create Layouts for playing video. | H18: test_addNewContent_TemplateForPlayingVideo
A19: TC18 | B19: Functionality | C19: Template | D19: For Playing Video | E19: Check able to add the video as background | F19: 1. Launch JioSignage (https://digitalsignage.jio.com/users/sign_in) in browser. 2. Login with valid credential. 3. Select Layouts page from home screen via path : Dashboard > Content Management > Layouts. 4. Click on the add new Layouts option. 5. Enter the Layouts Name. 6. Select For video playing option 7. Click on add button. 8. observe the edit Layouts screen. 9. Select head folder > select videos > drag any video to the slide. 10. observe the preview of the Layouts. | G19: >User should able to drag the selected video file to the slide. >Selected video should be observed as background on preview screen. >User should able to deliver the Layouts to the display with video background.
A20: TC19 | B20: Functionality | C20: Playing video template | D20: Edit Layouts | E20: Check if able to edit Layouts with video background | F20: 1. Launch JioSignage (https://digitalsignage.jio.com/users/sign_in) in browser. 2. Login with valid credential. 3. Select Layouts page from home screen via path : Dashboard > Content Management > Layouts. 4. Select Layouts page from home screen via path : Dashboard > Content Management > Layouts. 5. Click on the add new Layouts option. 6. Enter the Layouts Name. 7. Select For video playing option 8. Click on add button. 9. observe the edit Layouts screen. 10. Select head folder > select videos > drag any video to the slide. 11. Check able to edit Layouts using multiple features option available on screen. | G20: >user should able to modify the Layouts to set expiry , add audio , send approval status.
A21: TC20 | B21: Functionality | C21: Playing video template | D21: Edit slide | E21: Check if edit the slide of Layouts with video background | F21: 1. Launch JioSignage (https://digitalsignage.jio.com/users/sign_in) in browser. 2. Login with valid credential. 3. Select Layouts page from home screen via path : Dashboard > Content Management > Layouts. 4. Click on the add new Layouts option. 5. Enter the Layouts Name. 6. Select For video playing option 7. Click on add button. 8. observe the edit Layouts screen. 9. Select head folder > select videos > drag any video to the slide. 10. click on the edit button from the slide > observe the edit slide button. 11. check the edit slide options from side menu e.g. Entire Screen, Background, Addobject, action & auto tap. | G21: >User should able to edit the Layouts slide to modify the background , fit to display options.
A22: TC21 | B22: Functionality | C22: Template | D22: For Splitting screen | E22: Check able to create Layouts using Splitting screen | F22: 1. Click on the add new Layouts option. 2. Enter the Layouts Name. 3. Select For splitting screen option. 4. Choose the template option from the screen > click on add option. 5. Add object in the splitting screen section e.g. in one section image object and in other section video object 6. Drag image and video to the splitting sections. 7. Click on Save 8. Observe. | G22: >user should able to create Layouts for splitting screen. | H22: test_addNewContent_TemplateForSplitScreen
A23: TC22 | B23: Functionality | C23: Template | D23: Split screen template | E23: Check able to select the split screen template option from the screen. | F23: 1. Launch JioSignage (https://digitalsignage.jio.com/users/sign_in) in browser. 2. Login with valid credential. 3. Select Layouts page from home screen via path : Dashboard > Content Management > Layouts. 4. Click on the add new Layouts option. 5. Enter the Layouts Name. 6. Select For splitting screen option. 7. choose the template option from the screen. 8. observe the split template pop up screen. 9. Check able to select the each options (check with all 10 options ) from the split templates to create Layouts > click on add. | G23: >User should able to create Layouts with each selected split template. >User should able to create split screen Layouts using each 10 templates. >After create the Layouts > edit Layouts with selected split template slide should be observed. | H23: test_addNewContent_TemplateForSplitScreen_10_Opt
A24: TC23 | B24: Functionality | C24: Split screen template | D24: Layouts background | E24: Check able to change the background of the split Layouts | F24: 1. Launch JioSignage (https://digitalsignage.jio.com/users/sign_in) in browser. 2. Login with valid credential. 3. Select Layouts page from home screen via path : Dashboard > Content Management > Layouts. 4. Click on the add new Layouts option. 5. Enter the Layouts Name. 6. Select For splitting screen option. 7. choose the template > click on add. 8. Observe the edit Layouts screen. 9. select head folder > images > drag any image file and drop it to the Layouts slide. 10. click on preview option > observe. | G24: >Selected image file should be observed on preview of the Layouts as a background.
A25: TC24 | B25: Functionality | C25: Split screen template | D25: Layouts background | E25: Check able to set video as a background of Layouts slide | F25: 1. Launch JioSignage (https://digitalsignage.jio.com/users/sign_in) in browser. 2. Login with valid credential. 3. Select Layouts page from home screen via path : Dashboard > Content Management > Layouts. 4. Click on the add new Layouts option. 5. Enter the Layouts Name. 6. Select For splitting screen option. 7. choose the template > click on add. 8. Observe the edit Layouts screen. 9. select head folder >drag any video try to drop it to the Layouts slide. 10. Observe the behavior. | G25: >Split Layouts slide should not allow drop any video as a Layouts background. >It should show red flag on dragging window or it should show proper error message.
A26: TC25 | B26: Functionality | C26: Split screen template | D26: Edit Layouts | E26: Check if able to edit the Layouts created using split template | F26: 1. Launch JioSignage (https://digitalsignage.jio.com/users/sign_in) in browser. 2. Login with valid credential. 3. Select Layouts page from home screen via path : Dashboard > Content Management > Layouts. 4. Click on the add new Layouts option. 5. Enter the Layouts Name. 6. Select For splitting screen option. 7. choose the template > click on add. 8. Observe the edit Layouts screen. 9. Check the feature options working properly from the edit Layouts screen. | G26: >User should able to edit the Layouts from the screen to , -User should able to add/remove audio to the Layouts. -User should able to set expire date for the Layouts. -User should able to send and approve the Layouts approval. -User should able to view the preview of the Layouts properly after edit the Layouts.
A27: TC26 | B27: Functionality | C27: Split screen template | D27: Edit slide | E27: Check if able to open the edit slide screen of the Layouts | F27: 1. Launch JioSignage (https://digitalsignage.jio.com/users/sign_in) in browser. 2. Login with valid credential. 3. Select Layouts page from home screen via path : Dashboard > Content Management > Layouts. 4. Click on the add new Layouts option. 5. Enter the Layouts Name. 6. Select For splitting screen option. 7. choose the template > click on add. 8. Observe the edit Layouts screen. 9. click on the edit option from the slide. | G27: >Edit slide screen should be observed after click on the edit option of the slide. | H27: test_addNewContent_TemplateForSplitScreen_EditOpt
A28: TC27 | B28: Functionality | C28: Split screen template | D28: Add slide | E28: Check if able to add new slide to the Layouts | F28: 1. Launch JioSignage (https://digitalsignage.jio.com/users/sign_in) in browser. 2. Login with valid credential. 3. Select Layouts page from home screen via path : Dashboard > Content Management > Layouts. 4. Click on the add new Layouts option. 5. Enter the Layouts Name. 6. Select For splitting screen option. 7. choose the template > click on add. 8. Observe the edit Layouts screen. 9. click on the add new slide option from the screen. | G28: >User should able to add new slide to Layouts.
A29: TC28 | B29: Functionality | C29: Split screen template | D29: Copy slide | E29: Check if able to copy slide to the Layouts | F29: 1. Launch JioSignage (https://digitalsignage.jio.com/users/sign_in) in browser. 2. Login with valid credential. 3. Select Layouts page from home screen via path : Dashboard > Content Management > Layouts. 4. Click on the add new Layouts option. 5. Enter the Layouts Name. 6. Select For splitting screen option. 7. choose the template > click on add. 8. Observe the edit Layouts screen. 9. click on the copy slide option from the screen. | G29: >User should able to copy the slide.
A30: TC29 | B30: Functionality | C30: Split screen template | D30: Delete slide | E30: Check if able to delete the slide of the Layouts | F30: 1. Launch JioSignage (https://digitalsignage.jio.com/users/sign_in) in browser. 2. Login with valid credential. 3. Select Layouts page from home screen via path : Dashboard > Content Management > Layouts. 4. Click on the add new Layouts option. 5. Enter the Layouts Name. 6. Select For splitting screen option. 7. choose the template > click on add. 8. Observe the edit Layouts screen. 9. click on the delete slide option from the screen. | G30: >User should able to delete the slide. >after delete the slide > by click on add slide option user should able to add new blank slide.
A31: TC30 | B31: Functionality | C31: Split screen template | D31: Edit slide | E31: Check if able to select the individual slide of the split screen templates | F31: 1. Launch JioSignage (https://digitalsignage.jio.com/users/sign_in) in browser. 2. Login with valid credential. 3. Select Layouts page from home screen via path : Dashboard > Content Management > Layouts. 4. Click on the add new Layouts option. 5. Enter the Layouts Name. 6. Select For splitting screen option. 7. choose the template e.g.. with 2 split screen > click on add. 8. Observe the edit Layouts screen. 9. click on edit option of the slide. 10. Observe the edit slide screen > check able to select the individual split screen from the slide | G31: >Edit slide should show the number of split screen with the split screen number. >User should able to select the individual split screen from the slide. >Selected split screen should be highlighted with the red color frame. | H31: test_addNewContent_TemplateForSplitScreen_SlideSelection
A32: TC31 | B32: Functionality | C32: Split screen template | D32: Drag the material | E32: Check able to drag and drop the material to the split screens | F32: 1. Launch JioSignage (https://digitalsignage.jio.com/users/sign_in) in browser. 2. Login with valid credential. 3. Select Layouts page from home screen via path : Dashboard > Content Management > Layouts. 4. Click on the add new Layouts option. 5. Enter the Layouts Name. 6. Select For splitting screen option. 7. choose the template e.g. with 2 split screen > click on add. 8. Observe the edit Layouts screen. 9. click on edit option of the slide. 10. Observe the edit slide screen >Select one split screen from the edit slide screen. 11. select head folder > select any material e.g. image/video> check drag and drop it to the split screen of the Layouts. 12. Observe the behavior. | G32: >User should not able to perform drag and drop any materials from the head/shared folder to the split screen of the Layouts slide. >It should not allow user to add material direct to the split screen without any Object added.
A33: TC32 | B33: Functionality | C33: Split screen template | D33: adjust split screens | E33: Check if able to modify the split screen area on the edit slide screen. | F33: 1. Launch JioSignage (https://digitalsignage.jio.com/users/sign_in) in browser. 2. Login with valid credential. 3. Select Layouts page from home screen via path : Dashboard > Content Management > Layouts. 4. Click on the add new Layouts option. 5. Enter the Layouts Name. 6. Select For splitting screen option. 7. choose the template e.g. with 2 split screen > click on add. 8. Observe the edit Layouts screen. 9. click on edit option of the slide. 10. Observe the edit slide screen >Select one split screen from the edit slide screen. 11. observe the selected split screen area highlighted with red border. 12. Check able to drag the edges of the split screen using available points of split screen. | G33: >User should able to modify the area of the split screen by change in the width or length of the it. >After change the area of the one split screen , other split Layouts area should be auto adjusted to the slide Or it should be fit to the slide. >There should be no gap observed in between to split screen after modify its area.
A34: TC33 | B34: Functionality | C34: Split screen template | D34: add objects | E34: Check if able to add objects to the split screens | F34: 1. Launch JioSignage (https://digitalsignage.jio.com/users/sign_in) in browser. 2. Login with valid credential. 3. Select Layouts page from home screen via path : Dashboard > Content Management > Layouts. 4. Click on the add new Layouts option. 5. Enter the Layouts Name. 6. Select For splitting screen option. 7. choose the template e.g.. with 2 split screen > click on add. 8. Observe the edit Layouts screen. 9. click on edit option of the slide. 10. Observe the edit slide screen >Select one split screen from the edit slide screen. 11. click on objects > select any object e.g.. image. > observe the behavior. | G34: >selected object should be added to selected split screen of the slide. >If no split screen is selected then it should add the object to the first split screen by default. | H34: test_addNewContent_TemplateForSplitScreen_AddObject
A35: TC34 | B35: Functionality | C35: Split screen template | D35: Delete object | E35: Check if able to delete the object from the split screen of the slide | F35: 1. Launch JioSignage (https://digitalsignage.jio.com/users/sign_in) in browser. 2. Login with valid credential. 3. Select Layouts page from home screen via path : Dashboard > Content Management > Layouts. 4. Click on the add new Layouts option. 5. Enter the Layouts Name. 6. Select For splitting screen option. 7. choose the template e.g.. with 2 split screen > click on add. 8. Observe the edit Layouts screen. 9. click on edit option of the slide. 10. Observe the edit slide screen >Select one split screen from the edit slide screen. 11. click on objects > select any object e.g.. image.> observe the object added to the split screen. 12. Click on the remove button (X) from the split screen title> click on it >observe. | G35: >By click on remove button icon from the split screen title >Object should be removed from the split screen. | H35: test_addNewContent_TemplateForSplitScreen_RemoveObject_X_Btn
A36: TC35 | B36: Functionality | C36: Split screen template | D36: Add Object to all split screens | E36: Check if able to add the objects to each split screens of the slide. | F36: 1. Launch JioSignage (https://digitalsignage.jio.com/users/sign_in) in browser. 2. Login with valid credential. 3. Select Layouts page from home screen via path : Dashboard > Content Management > Layouts. 4. Click on the add new Layouts option. 5. Enter the Layouts Name. 6. Select For splitting screen option. 7. choose the template e.g.. with 2 split screen > click on add. 8. Observe the edit Layouts screen. 9. click on edit option of the slide. 10. Observe the edit slide screen >Select one split screen from the edit slide screen. 11. click on objects > select any object e.g.. image. > observe the behavior. 12. Select other split screen of the slide > click on add object > select any object image/video.. 13. Click on preview >Observe the preview of the Layouts | G36: >User should able to add objects to the each split screens of the slide. >Preview of the Layouts should be verified with added objects to the respective split screen. | H36: test_addNewContent_TemplateForSplitScreen_AddObjectOnAllSlides
A37: TC36 | B37: Functionality | C37: Split screen template | D37: Object status | E37: Check if able to identify the type of object added to the split screen | F37: 1. Launch JioSignage (https://digitalsignage.jio.com/users/sign_in) in browser. 2. Login with valid credential. 3. Select Layouts page from home screen via path : Dashboard > Content Management > Layouts. 4. Click on the add new Layouts option. 5. Enter the Layouts Name. 6. Select For splitting screen option. 7. choose the template e.g.. with 2 split screen > click on add. 8. Observe the edit Layouts screen. 9. click on edit option of the slide. 10. Observe the edit slide screen >Select one split screen from the edit slide screen. 11. click on objects > select any object e.g.. image. > observe the behavior. 12. observe the split screen title. | G37: >Split screen should be observed with title as , 1. Split screen number e.g.. as per the selected template either it is of 2 or 3 split screen. 2. Respective Added Object icon if available e.g.. For Image object . image icon , for text object > 'Text' string.. 3. Remove (X) icon to remove the object | H37: test_addNewContent_TemplateForSplitScreen_AddObject_TitleNumXBtn
A38: TC37 | B38: Functionality | C38: Split screen template | D38: Multiple Objects | E38: Check if able to add multiple objects to the single split screen | F38: 1. Launch JioSignage (https://digitalsignage.jio.com/users/sign_in) in browser. 2. Login with valid credential. 3. Select Layouts page from home screen via path : Dashboard > Content Management > Layouts. 4. Open Layouts created using split screen template. 5. Select one split screen > add object e.g. Video > select head folder > select video > drag any video to the split screen > observe the preview of the Layouts. 6. Again select object > add Video object > observe the object screen added to the screen > Try to drag and drop the video to the second object on slide OR drag it to the side menu > video edit box. 7. Observe the behavior. | G38: >User should not able to more than one object to the single split screen of the Layouts.
A39: TC38 | B39: Functionality | C39: Create Layouts | D39: Layouts list | E39: Check able to see the created Layouts list on screen | F39: 1. Launch JioSignage (https://digitalsignage.jio.com/users/sign_in) in browser. 2. Login with valid credential. 3. Select Layouts page from home screen via path : Dashboard > Content Management > Layouts. 3. Create new Layouts > save it. 4. go to Layouts home screen > observe. | G39: it should show the created Layouts list with below header options All, Name, Folder, Action, Usage Count, Duration, Details, Modified By, Modified At, Tag. | H39: test_addNewContent_VerifyTableContent
A40: TC39 | B40: Functionality | C40: Layouts Search | D40: Search Layouts | E40: Check able to search the created Layouts from the list | F40: 1. Launch JioSignage (https://digitalsignage.jio.com/users/sign_in) in browser. 2. Login with valid credential. 3. Select Layouts page from home screen via path : Dashboard > Content Management > Layouts. 4. go to Layouts home screen. 5. search the existing Layouts by name. 6. check for other header section options. | G40: >User should able to search the Layouts by respective header section options. | H40: test_addNewContent_SearchByName
A41: TC40 | B41: Functionality | C41: Layouts Selection | D41: Multiselect | E41: Check if able to select multiple Layouts | F41: 1. Launch JioSignage (https://digitalsignage.jio.com/users/sign_in) in browser. 2. Login with valid credential. 3. Select Layouts page from home screen via path : Dashboard > Content Management > Layouts. 4. Go to Layouts home screen. 5. Click on checkbox of multiple Layouts> observe. | G41: >User should able to select multiple Layouts from the list. | H41: test_addNewContent_MultiSelect
A42: TC41 | B42: Functionality | C42: Layouts link | D42: Redirecting to Layouts | E42: Check redirecting to Layouts page by click on the Layouts name from the list | F42: 1. Launch JioSignage (https://digitalsignage.jio.com/users/sign_in) in browser. 2. Login with valid credential. 3. Select Layouts page from home screen via path : Dashboard > Content Management > Layouts. 4. Go to Layouts home screen. 5. click on any Layouts name from the list > observe. | G42: Selected Layouts page should be opened to edit the Layouts. | H42: test_addNewContent_ClickOnContentName
A43: TC42 | B43: Functionality | C43: Layouts link | D43: Redirecting to Playlist | E43: Check redirecting to playlist of the Layouts form home screen | F43: 1. Launch JioSignage (https://digitalsignage.jio.com/users/sign_in) in browser. 2. Login with valid credential. 3. Select Layouts page from home screen via path : Dashboard > Content Management > Layouts. 4. Got to Layouts Home screen. 5. Choose any Layouts >Usage count > click on the playlist count number. 6. Observed | G43: >It should redirect to the playlist where selected Layouts has been added. >It should not show any playlist in which selected Layouts is not listed. | H43: test_addNewContent_ClickOnPlaylistCount
A44: TC43 | B44: Functionality | C44: Layouts link | D44: Redirecting to schedule | E44: Check redirecting to Schedules of the Layouts form home screen | F44: 1. Launch JioSignage (https://digitalsignage.jio.com/users/sign_in) in browser. 2. Login with valid credential. 3. Select Layouts page from home screen via path : Dashboard > Content Management > Layouts. 4. Got to Layouts Home screen. 5. Choose any Layouts >Usage count > click on the Schedules count number. 6. Observed | G44: >It should redirect to the Schedules screen where selected Layouts has been added. >It should not show any Schedules in which selected Layouts is not added. | H44: test_addNewContent_ClickOnScheduleCount
A45: TC44 | B45: Functionality | C45: Action | D45: Layouts Preview | E45: Check Layouts preview from the list | F45: 1. Launch JioSignage (https://digitalsignage.jio.com/users/sign_in) in browser. 2. Login with valid credential. 3. Select Layouts page from home screen via path : Dashboard > Content Management > Layouts. 4. Go to Layouts home screen. 5. select any Layouts > actions > click on preview option > observe. | G45: selected Layouts preview should be observed | H45: test_addNewContent_ClickOnPreviewFromActions
A46: TC45 | B46: Functionality | C46: Action | D46: Copy Layouts | E46: Check copy the existing Layouts | F46: 1. Launch JioSignage (https://digitalsignage.jio.com/users/sign_in) in browser. 2. Login with valid credential. 3. Select Layouts page from home screen via path : Dashboard > Content Management > Layouts. 4. Go to Layouts home screen. 5. select any Layouts e.g.. New1> actions > click on copy icon to copy the Layouts. 6. Enter the new Layouts name e.g.. New 2> click on add. | G46: >User should able to create copy of the Layouts from the list . >after creating copy of the Layouts , copied Layouts should be observed on Layouts list. >Copied Layouts should have similar entities to root Layouts. | H46: test_addNewContent_CopyFromActions
A47: TC46 | B47: Functionality | C47: Layouts Creation | D47: Sorting | E47: Check sorting options on Layouts list | F47: 1. Launch JioSignage (https://digitalsignage.jio.com/users/sign_in) in browser. 2. Login with valid credential. 3. Select Layouts page from home screen via path : Dashboard > Content Management > Layouts. 4. Mouse hover to content management>Click On Layout 5. Go to Layouts home screen. 6. check the sorting options for Name , Modified at .. | G47: User should able to sort the Layouts by respective header options
A48: TC47 | B48: Functionality | C48: Layouts Creation | D48: More options | E48: Check more options menu | F48: 1. Launch JioSignage (https://digitalsignage.jio.com/users/sign_in) in browser. 2. Login with valid credential. 3. Select Layouts page from home screen via path : Dashboard > Content Management > Layouts. 4. Mouse hover to content management>Click On Layout 5. Observe Layouts home screen. 6. select any Layouts checkbox > 3 dots (more options) > observe. 7. click on more option > observe. | G48: It should show the following options on more options : Move Layouts ,Move to trash , Copy to shared , Remove tag , Add tag. >User should be able to select any of the options from it. | H48: test_VerifyMoreOptions
A49: TC48 | B49: Functionality | C49: More option | D49: Move Layouts | E49: Check able to move Layouts to other folder | F49: 1. Launch JioSignage (https://digitalsignage.jio.com/users/sign_in) in browser. 2. Login with valid credential. 3. Select Layouts page from home screen via path : Dashboard > Content Management > Layouts. 4. Mouse hover to content management>Click in Layout 5. Observe Layouts home screen. 6. Select any Layouts > more options > select Move Layouts option. 7. Observe the select folder name pop up screen. 8. select the folder where Layouts needs to be moved. 9. click on move > observe. | G49: >Layouts was successfully Moved message should be verified on screen. >Moved Layouts should be verified at destination folder. | H49: test_verify_More_MoveContent_Function
A50: TC49 | B50: Functionality | C50: More option | D50: Move to trash | E50: Check move Layouts to trash | F50: 1. Launch JioSignage (https://digitalsignage.jio.com/users/sign_in) in browser. 2. Login with valid credential. 3. Select Layouts page from home screen via path : Dashboard > Content Management > Layouts. 4. Mouse hover to content management>Click On Layout 5. Observe Layouts home screen. 6. Select any Layouts > more options > select Move to trash option. 7. Observe the trash pop up 'Are you sure want to move the selected Layouts to trash?' with cancel and ok options. 8. select Ok option > observe. | G50: >'Layouts moved to trash' message should be observed and selected Layouts should be moved to trash > if user select cancel option then it should not move Layouts to trash and pop up should be discarded. | H50: test_verify_More_MoveToTrash_Function
A51: TC50 | B51: Functionality | C51: More option | D51: Copy to shared | E51: Check copy Layouts to shared folder | F51: 1. Launch JioSignage (https://digitalsignage.jio.com/users/sign_in) in browser. 2. Login with valid credential. 3. Select Layouts page from home screen via path : Dashboard > Content Management > Layouts. 4. Mouse hover to content management>Click On Layout 5. Observe Layouts home screen. 6. Select any Layouts > more options > select copy to shared. 7. Observe the pop up 'Are you sure want to copy the selected Layouts to shared folder' with cancel and ok options. 8. select Ok option > observe. | G51: >'Layouts copied to shared folder successfully' message should be observed and selected Layouts should be available in shared folder. > if user select cancel option then it should not copied and pop up should be discarded. | H51: test_verify_More_CopyToShared_Function
A52: TC51 | B52: Functionality | C52: Shared folder | D52: Delete Layout | E52: Check if able to delete the Layout from shared folder | F52: 1. Launch JioSignage (https://digitalsignage.jio.com/users/sign_in) in browser. 2. Login with valid credential. 3. Click on Content management 4. Click on layout 5. Observe the Layout home screen. 6. click on shared Layout. 7. select the Layout > more option > select delete option. 8. Confirm the delete > observe | G52: Selected Layout should be removed from the shared folder. | H52: test_verify_RemoveFromSharedFolder
A53: TC52 | B53: Functionality | C53: More option | D53: Add Tag | E53: Check add tag to Layout option | F53: 1. Launch JioSignage (https://digitalsignage.jio.com/users/sign_in) in browser. 2. Login with valid credential. 3. Click on Content management 4. Click on layout 5. Select any Layout > more options > select add tag option. 6. Observe the add tag pop up. 7. Select radio button 8. Add new tag 9. Enter tag name 10. Click on Add | G53: >Add tag pop up with Add new tag and Select tag options should be observed. >User should able to select between the add new tag and select tag options. | H53: test_verify_More_Add_Tag_RadioBtn
A54: TC53 | B54: Functionality | C54: Add tag | D54: add new tag | E54: Check add new tag option behavior | F54: 1. Launch JioSignage (https://digitalsignage.jio.com/users/sign_in) in browser. 2. Login with valid credential. 3. Click on Content management 4. Click on layout 5. Select any Layout > more options > select add tag option. 6. select add new tag option from the add tag pop up. 7. Enter the name of Tag want to add. 8. click on add option > observe. | G54: > Tag name should allow only Numbers , letters and _. >after adding the tag to Layout it should be observed in tag column of the respective Layout. | H54: test_verify_More_Add_New_Tag
A55: TC54 | B55: Functionality | C55: Add tag | D55: select tag | E55: Check select tag from existing list for the Layout | F55: 1. Launch JioSignage (https://digitalsignage.jio.com/users/sign_in) in browser. 2. Login with valid credential. 3. Click on Content management 4. Click on layout 5. Select any Layout > more options > select add tag option. 6. select tag option from the add tag pop up. 7. choose the tag from the dropdown option to choose tag. 8. click on add > observe. | G55: Selected tag should be added to respective Layout. | H55: test_verify_More_Add_Existing_Tag
A56: TC55 | B56: Functionality | C56: Add tag | D56: Add Multiple tags | E56: Check if able to add more than one tag to Layout | F56: 1. Launch JioSignage (https://digitalsignage.jio.com/users/sign_in) in browser. 2. Login with valid credential. 3. Click on Content management 4. Click on layout 5. Select any Layout > more options > add tag > add tag 1 e.g.. New1 6. Again add tag 2 to same Layout e.g.. New 2. 7. Check tags on Layout list page . | G56: Both added tags should be observed on tag section of the respective Layout. | H56: test_verify_More_Add_New_Tag_2Tags
A57: TC56 | B57: Functionality | C57: More option | D57: Remove tag | E57: Check removal of tag from the Layout | F57: 1. Launch JioSignage (https://digitalsignage.jio.com/users/sign_in) in browser. 2. Login with valid credential. 3. Click on Content management 4. Click on layout 5. Select any Layout > more options > remove tag. 6. Select the tag from the remove tag pop up> remove. 7. Observe the Layout list screen. | G57: Removed tag should not be observed on the tag list screen. | H57: test_verify_More_Remove_New_Tag
A58: TC57 | B58: Functionality | C58: More option | D58: Multiselecting Tags | E58: Check if able to select multiple tags while selecting or removing it from for the Layout | F58: 1. Launch JioSignage (https://digitalsignage.jio.com/users/sign_in) in browser. 2. Login with valid credential. 3. Click on Content management 4. Click on layout 5. Select any Layout > more options >Select add custom tag/Remove tag. 6. Select the dropdown menu to add /remove the tag. 7. Check if able to select more than one tags from the menu. | G58: > user should able to select the multiple tags from the dropdown to add or remove for the Layout. So user do not have to repeat the steps each time for add or removal of tags for the same Layout. | H58: test_verify_More_Remove_Tag_2Tags
A59: TC58 | B59: Functionality | C59: Add folder | D59: create new folder | E59: Check add new folder option behavior | F59: 1. Launch JioSignage (https://digitalsignage.jio.com/users/sign_in) in browser. 2. Login with valid credential. 3. Click on Content management 4. Click on layout 5. Click on Add folder(+) icon >observe the pop up. 6. Enter the folder name >click on add > observe. | G59: New folder should be created with entered name consist of Numbers , letters and _ only. >It should not allow user to create folder with special characters , symbols. | H59: test_Content_CreateFolder_WarnMsg_SpecialCharacter
... A68: TC67 | B68: Functionality | C68: Edit Layout | D68: Shared folder access | E68: Check able to access the Shared Folder from the edit screen | F68: 1. Launch JioSignage (https://digitalsignage.jio.com/users/sign_in) in browser. 2. Login with valid credential. 3. Click on Add new layout(+) icon 4. Enter any layout name 5. Select the radio button like Horizontal/Vertical and Select the Resolution 6. Select any template like Blank/A template for playing video/template for splitting the screen 7. Click on Add 8. Click on Edit 9. Click on Shared Folder | G68: > by click on Shared folder it should show the all materials available in shared folder. | H68: test_editContent_SharedFolder
A69: TC68 | B69: Functionality | C69: Edit Layout | D69: Copy to shared | E69: Check able to copy the materials to shared folder from edit Layout screen | F69: 1. Launch JioSignage (https://digitalsignage.jio.com/users/sign_in) in browser. 2. Login with valid credential. 3. Click on Add new layout(+) icon 4. Enter any layout name 5. Select the radio button like Horizontal/Vertical and Select the Resolution 6. Select any template like Blank/A template for playinng video/template for splitting the screen 7. Click on Add 8. Click on Edit 9. select head folder. 10. Observe the category options. 11. click on images > observe the file > select dropdown icon from the folder. 12. select Copy to shared folder option > 13. click on shared folder option > observe. | G69: >Selected file should be observed in shared folder. >If user select the shared folder from other menu e.g. Materials then it should show the all files shared to folder.
A70: TC69 | B70: Functionality | C70: Edit Layout | D70: Preview option | E70: Check the Preview option of edit Layout page | F70: 1. Launch JioSignage (https://digitalsignage.jio.com/users/sign_in) in browser. 2. Login with valid credential. 3. Click on Content management 4. Click on Layouts option 5. Click on Add new layout(+) icon 6. Enter any layout name 7. Select the radio button like Horizontal/Vertical and Select the Resolution 8. Select any template like Blank/A template for playing video/template for splitting the screen 9. Click on Add 10. Click on Edit 11. Click on the preview option from the page. 12. Observe the preview screen. | G70: >by click on preview option , Layout preview screen titled as Layout name should be observed. >User should able to view the Layout preview. | H70: test_editContentPage_PreviewOption
A71: TC70 | B71: Functionality | C71: Edit Layout | D71: Save option | E71: Check the save option behavior of edit Layout page | F71: 1. Launch JioSignage (https://digitalsignage.jio.com/users/sign_in) in browser. 2. Login with valid credential. 3. Click on Content management>>Click on Layout 4. Click on Add new layout(+) icon 5. Enter any layout name 6. Select the radio button like Horizontal/Vertical and Select the Resolution 7. Select any template like Blank/A template for playing video/template for splitting the screen 8. Click on Add 9. Click on Edit 10. Observe edit Layout screen. 11. Observe the save option. 12. drag and drop any file to slide 11. observe the save option behavior. | G71: >Save option should be greyed out when there's no change or modification in Layout has been done. >After modify the Layout user should able to save the Layout by click on the save option. | H71: test_editContent_SaveButton
A72: TC71 | B72: Functionality | C72: Edit Layout | D72: Close button | E72: Check close button behavior | F72: 1. Launch JioSignage (https://digitalsignage.jio.com/users/sign_in) in browser. 2. Login with valid credential. 3. Click on Content management>>Click on Layout 4. Click on Add new layout(+) icon 5. Enter any layout name 6. Select the radio button like Horizontal/Vertical and Select the Resolution 7. Select any template like Blank/A template for playing video/template for splitting the screen 8. Click on Add 9. Click on Edit 10. Observe edit Layout screen. 11. Observe the close button. 12. click on close button. 13. Observe the behavior. | G72: > should redirects to the previous page e.g.. Layout list screen. | H72: test_editContent_CloseButton
A73: TC72 | B73: Functionality | C73: Edit Layout | D73: Add slides | E73: Check add slides option behavior | F73: 1. Launch JioSignage (https://digitalsignage.jio.com/users/sign_in) in browser. 2. Login with valid credential. 3. Click on Content management>>Click on Layout 4. Click on Add new layout(+) icon 5. Enter any layout name 6. Select the radio button like Horizontal/Vertical and Select the Resolution 7. Select any template like Blank/A template for playing video/template for splitting the screen 8. Click on Add 9. Click on Edit 10. Observe edit Layout screen. 11. observe the slide > click on add slides button. 12. keep click on the add slide option till maximum limit reached. | G73: >by click on add new slide option it should add the new blank slide in a row. > it should allow to add maximum 20 slides. > when add 20 slide it should disable the add slide option and user should not able to add more slide.
A74: TC73 | B74: Functionality | C74: Edit Layout | D74: delete slides | E74: Check delete slides from the edit Layout screen | F74: 1. Launch JioSignage (https://digitalsignage.jio.com/users/sign_in) in browser. 2. Login with valid credential. 3. Click on Content management>>Click on Layout 4. Click on Add new layout(+) icon 5. Enter any layout name 6. Select the radio button like Horizontal/Vertical and Select the Resolution 7. Select any template like Blank/A template for playing video/template for splitting the screen 8. Click on Add 9. Click on Edit 10. Observe edit Layout screen. 11. observe the slides > select delete option from the slide. 12. confirm the delete option from the pop up. 13. observe. | G74: > selected slide should be deleted from the screen. >User should able to add the slide , save the same Layout.
A75: TC74 | B75: Functionality | C75: Edit Layout | D75: Copy slide | E75: Check copy the slide from the edit Layout screen | F75: 1. Launch JioSignage (https://digitalsignage.jio.com/users/sign_in) in browser. 2. Login with valid credential. 3. Click on Content management>>Click on Layout 4. Click on Add new layout(+) icon 5. Enter any layout name 6. Select the radio button like Horizontal/Vertical and Select the Resolution 7. Select any template like Blank/A template for playing video/template for splitting the screen 8. Click on Add 9. Click on Edit 10. Observe edit Layout screen. 11. observe the slides > select copy option from the slide. 12. observe. | G75: >By click on copy slide option , new slide should be added containing the source slide data , format.. >after 20 slides copy option should be disabled as user should not able to add more than 20 slides.
A76: TC75 | B76: Functionality | C76: Edit Layout | D76: Swap slides | E76: Check able to swap the slides on edit slides screen | F76: 1. Launch JioSignage (https://digitalsignage.jio.com/users/sign_in) in browser. 2. Login with valid credential. 3. Click on Content management>>Click on Layout 4. Click on Add new layout(+) icon 5. Enter any layout name 6. Select the radio button like Horizontal/Vertical and Select the Resolution 7. Select any template like Blank/A template for playinng video/template for splitting the screen 8. Click on Add 9. Click on Edit 10. Observe edit Layout screen. 11. Add multiple slides e.g. > 3. 12. Hover the curser on slide. 13. Observe the navigation button on slides. 14. Click on the swapping button > observe. | G76: > By click on swap button slides position should be changed accordingly.
A77: TC76 | B77: Functionality | C77: Edit Layout | D77: Layout screen time | E77: Check the Layout play time status on edit screen | F77: 1. Launch JioSignage (https://digitalsignage.jio.com/users/sign_in) in browser. 2. Login with valid credential. 3. Click on Content management>>Click on Layout 4. Click on Add new layout(+) icon 5. Enter any layout name 6. Select the radio button like Horizontal/Vertical and Select the Resolution 7. Select any template like Blank/A template for playing video/template for splitting the screen 8. Click on Add 9. Click on Edit 10. Observe edit Layout screen. 11. Observe the Layout play time on right top corner e.g.. 00:10. 12. add more slides > observe the play time status. | G77: >Layout total play time status should be observed on the edit Layout screen. >By adding more sides or changing the slide refresh rate it should be change and updated on screen accordingly. | H77: test_editContent_PlayTime
A78: TC77 | B78: Functionality | C78: Edit Layout | D78: Add audio | E78: Check drag and drop audio to Layout | F78: 1. Launch JioSignage (https://digitalsignage.jio.com/users/sign_in) in browser. 2. Login with valid credential. 3. Click on Content management>>Click on Layout 4. Click on Add new layout(+) icon 5. Enter any layout name 6. Select the radio button like Horizontal/Vertical and Select the Resolution 7. Select any template like Blank/A template for playinng video/template for splitting the screen 8. Click on Add 9. Click on Edit 10. Observe edit Layout screen. 11. Drag audio file from the materials and drop it to audio box. 12. Click on the preview button. 13. Observe. | G78: > Selected audio file should be observed on audio box with name.
A79: TC78 | B79: Functionality | C79: Edit Layout | D79: Audio Checkbox | E79: Check the audio checkbox option | F79: 1. Launch JioSignage (https://digitalsignage.jio.com/users/sign_in) in browser. 2. Login with valid credential. 3. Click on Content management>>Click on Layout 4. Click on Add new layout(+) icon 5. Enter any layout name 6. Select the radio button like Horizontal/Vertical and Select the Resolution 7. Select any template like Blank/A template for playinng video/template for splitting the screen 8. Click on Add 9. Click on Edit 10. Observe edit Layout screen. 11. Drop audio file to audio box. 12. Observe the checkbox option 'Always starts to play Layout from the beginning.' | G79: TBD
A80: TC79 | B80: Functionality | C80: Edit Slide | D80: Edit slide option | E80: Check Edit Slide option behavior | F80: 1. Launch JioSignage (https://digitalsignage.jio.com/users/sign_in) in browser. 2. Login with valid credential. 3. Click on Content management>>Click on Layout 4. Click on Add new layout(+) icon 5. Enter any layout name 6. Select the radio button like Horizontal/Vertical and Select the Resolution 7. Select any template like Blank/A template for playing video/template for splitting the screen 8. Click on Add 9. Click on Edit 10. Observe edit Layout screen. 11. Select the Edit option from the slide and click on it. 12. Observe | G80: > by click on edit option of slide it should open the edit slide screen of selected slide. | H80: test_editContent_EditBtn
A81: TC80 | B81: Functionality | C81: Edit slide | D81: header options | E81: Check header options for Edit slide screen. | F81: 1. Launch JioSignage (https://digitalsignage.jio.com/users/sign_in) in browser. 2. Login with valid credential. 3. Click on Content management>>Click on Layout 4. Click on Add new layout(+) icon 5. Enter any layout name 6. Select the radio button like Horizontal/Vertical and Select the Resolution 7. Select any template like Blank/A template for playing video/template for splitting the screen 8. Click on Add 9. Click on Edit 10. Observe edit Layout screen. 11. Observe the header options for edit slide screen. | G81: >Preview , Save ,back and close options should be observed on the edit slide home screen. | H81: test_editContent_Preview_Save_Back_Close_Btn
A82: TC81 | B82: Functionality | C82: Edit Slide | D82: Back option | E82: Check Back option behavior from the Edit slide screen | F82: 1. Launch JioSignage (https://digitalsignage.jio.com/users/sign_in) in browser. 2. Login with valid credential. 3. Click on Content management>>Click on Layout 4. Click on Add new layout(+) icon 5. Enter any layout name 6. Select the radio button like Horizontal/Vertical and Select the Resolution 7. Select any template like Blank/A template for playing video/template for splitting the screen 8. Click on Add 9. Click on Edit 10. Observe edit Layout screen. 11. Open Edit slide screen > click on Back button from the edit slide screen. 12. Observe. | G82: > By click on Back button it should navigate back to the Edit Layout screen. > if any changes has been done in slide then it should show the Request approval Pop up message. Else for no change has been done in the Layout then it should not ask for the re-Approval of the Layout. | H82: test_editContent_BackBtn
A83: TC82 | B83: Functionality | C83: Edit Slide | D83: Save Slide | E83: Check able to save the changes in slide | F83: 1. Launch JioSignage (https://digitalsignage.jio.com/users/sign_in) in browser. 2. Login with valid credential. 3. Click on Content management>>Click on Layout 4. Click on Add new layout(+) icon 5. Enter any layout name 6. Select the radio button like Horizontal/Vertical and Select the Resolution 7. Select any template like Blank/A template for playing video/template for splitting the screen 8. Click on Add 9. Click on Edit 10. Observe the Edit Layout screen. 11. Open Edit slide screen > Modify the slide > click on Save button from the edit slide screen. 12. Observe. | G83: >By click on save option it should save the Layout with modified slide. | H83: test_editContent_SaveButton_withChanges
A84: TC83 | B84: Functionality | C84: Edit Slide | D84: Preview Slide | E84: Check able to view the preview of the slide | F84: 1. Launch JioSignage (https://digitalsignage.jio.com/users/sign_in) in browser. 2. Login with valid credential. 3. Click on Content management>>Click on Layout 4. Click on Add new layout(+) icon 5. Enter any layout name 6. Select the radio button like Horizontal/Vertical and Select the Resolution 7. Select any template like Blank/A template for playing video/template for splitting the screen 8. Click on Add 9. Click on Edit 10. Observe the Edit Layout screen. 11. Open Edit slide screen > click on Preview button from the edit slide screen. 12. Observe. | G84: >Preview of the selected slide should be observed. | H84: test_editSlidePage_PreviewOption
A85: TC84 | B85: Functionality | C85: Edit slide | D85: Close button | E85: Check close button behavior from the edit slide screen | F85: 1. Launch JioSignage Sign In Page : https://digitalsignage.jio.com/users/sign_in . 2. Login with valid credential 3. Go to layout > open layout >click on edit Layout screen. 4. Observe the Edit Layout screen. 5. Open Edit slide screen > click on Preview button from the edit slide screen. 6. Click on close button 7. Observe. | G85: >User should able to close the edit slide page | H85: test_editSlidePage_CloseBtn
A86: TC85 | B86: Functionality | C86: Edit Slide | D86: Drag from folder | E86: Check drag and drop material from Folder to Slide screen | F86: 1. Launch JioSignage (https://digitalsignage.jio.com/users/sign_in) in browser. 2. Login with valid credential. 3. Click on Content management>>Click on Layout 4. Click on Add new layout(+) icon 5. Enter any layout name 6. Select the radio button like Horizontal/Vertical and Select the Resolution 7. Select any template like Blank/A template for playinng video/template for splitting the screen 8. Click on Add 9. Click on Edit 10. Observe the Edit Layout screen. 11. select the material e.g. image file from folder > drag it and drop to the edit slide screen. 12. Observe the behavior. | G86: Image should be dragged and copied to the slide and should be visible in slide window
A87: TC86 | B87: Functionality | C87: Edit slide | D87: Edit slide menu | E87: Check Edit slide menu options | F87: 1. Launch JioSignage (https://digitalsignage.jio.com/users/sign_in) in browser. 2. Login with valid credential. 3. Click on Content management>>Click on Layout 4. Click on Add new layout(+) icon 5. Enter any layout name 6. Select the radio button like Horizontal/Vertical and Select the Resolution 7. Select any template like Blank/A template for playinng video/template for splitting the screen 8. Click on Add 9. Click on Edit 10. Observe the Edit Layout screen. 11. Observe the right side screen menu. 12. Click on the down arrow key icon > observe. | G87: > Object and entire screen option should be observed on right side of the screen. >below that following options should be observed. Entire Screen , Background , Add object , Action , Auto tap. and same menu options should be accessible from the down arrow key icon dropdown.
A88: TC87 | B88: Functionality | C88: Edit Slide | D88: Add Object | E88: Check Add Object option behavior | F88: 1. Launch JioSignage (https://digitalsignage.jio.com/users/sign_in) in browser. 2. Login with valid credential. 3. Click on Content management>>Click on Layout 4. Click on Add new layout(+) icon 5. Enter any layout name 6. Select the radio button like Horizontal/Vertical and Select the Resolution 7. Select any template like Blank/A template for playing video/template for splitting the screen 8. Click on Add 9. Click on Edit 10. Observe the Edit Layout screen. 11. Click on add +Object option. 12. Hover the cursor on objects> observe. | G88: >By click on Object option , it should open the Object menu panel with 19 Objects. > User should able to view the tool tip for respective icons. | H88: test_editSlidePage_AddObject
A89: TC88 | B89: Functionality | C89: Object | D89: Add text | E89: Check if able to add text object to slide | F89: 1. Launch JioSignage (https://digitalsignage.jio.com/users/sign_in) in browser. 2. Login with valid credential. 3. Click on Content management>>Click on Layout 4. Click on Add new layout(+) icon 5. Enter any layout name 6. Select the radio button like Horizontal/Vertical and Select the Resolution 7. Select any template like Blank/A template for playing video/template for splitting the screen 8. Click on Add 9. Click on Edit 10. Observe the Edit Layout screen. 11. Click on Add object option. 12. Select Text object > observe. | G89: > User should able to add text Object to slide . >User should able to edit the text format as per the sub feature options of the Object. >Preview of the Layout should be observed with selected object. | H89: test_editSlidePage_AddObject_AddText
A90: TC89 | B90: Functionality | C90: Add Object | D90: Modify Edit box | E90: Check if able to modify the Object box | F90: 1. Launch JioSignage (https://digitalsignage.jio.com/users/sign_in) in browser. 2. Login with valid credential. 3. Click on Content management>>Click on Layout 4. Click on Add new layout(+) icon 5. Enter any layout name 6. Select the radio button like Horizontal/Vertical and Select the Resolution 7. Select any template like Blank/A template for playinng video/template for splitting the screen 8. Click on Add 9. Click on Edit 10. Observe the Edit Layout screen. 11. Click on Add object option. 12. Select Text object > observe. 13. Modify the text object sides by drag it across the slide. | G90: >user should able to modify the size of the Object by drag the border or Corner of it.
A91: TC90 | B91: Functionality | C91: Add Object | D91: Delete Object | E91: Check if able to delete the Object from the slide | F91: 1. Launch JioSignage (https://digitalsignage.jio.com/users/sign_in) in browser. 2. Login with valid credential. 3. Click on Content management>>Click on Layout 4. Click on Add new layout(+) icon 5. Enter any layout name 6. Select the radio button like Horizontal/Vertical and Select the Resolution 7. Select any template like Blank/A template for playing video/template for splitting the screen 8. Click on Add 9. Click on Edit 10. Observe the Edit Layout screen. 11. Click on Add object option. 12. Select image object > observe the object box on slide. 13. click on delete option from side menu screen. 14. Observe. | G91: >Object should be deleted from the slide if click on the delete option. and user should able to add the same object again by re-select it. | H91: test_editSlidePage_DeleteAddedObject
A92: TC91 | B92: Functionality | C92: Object | D92: Copy Object | E92: Check able to create the copy of the object | F92: 1. Launch JioSignage (https://digitalsignage.jio.com/users/sign_in) in browser. 2. Login with valid credential. 3. Click on Content management>>Click on Layout 4. Click on Add new layout(+) icon 5. Enter any layout name 6. Select the radio button like Horizontal/Vertical and Select the Resolution 7. Select any template like Blank/A template for playing video/template for splitting the screen 8. Click on Add 9. Click on Edit 10. Observe the Edit Layout screen. 11. Click on add object > select any object e.g.. text. 12. Observe the text object on slide. 13. click on the copy icon available at Object name or before the delete icon. 14. Observe. | G92: >Copy of the created Object should be observed on slide. >Copied Object should consist the same format and data of the original Layout. >Copied object should be added to slide without overlapping the main object. | H92: test_editSlidePage_CopyAddedObject
A93: TC92 | B93: Functionality | C93: Object | D93: Add image | E93: Check if able to add Image object to slide | F93: 1. Launch JioSignage (https://digitalsignage.jio.com/users/sign_in) in browser. 2. Login with valid credential. 3. Click on Content management>>Click on Layout 4. Click on Add new layout(+) icon 5. Enter any layout name 6. Select the radio button like Horizontal/Vertical and Select the Resolution 7. Select any template like Blank/template for splitting the screen 8. Click on Add 9. Click on Edit 10. Observe the Edit Layout screen 11. Click on Add object option. 12. Select image object > observe. | G93: > User should able to add image Object to slide . >User should able to edit the image as per the sub feature options of the Object. >Preview of the Layout should be observed with selected object. | H93: test_editSlidePage_AddObject_AddImage
A94: TC93 | B94: Functionality | C94: Object | D94: Add Video | E94: Verify that user is able to delete video object | F94: 1. Launch JioSignage Sign In Page : https://digitalsignage.jio.com/users/sign_in . 2. Login with valid credential. 3. Hover over Layout. 4. Click on Layouts. 5. Click on Add new Layout. 6. Enter Layout Name. 7. Select Orientation and Resolution 8. Enter a template and click on Add. 9. Go to edit Slide option. 10. Click on add object option > select Video. 11. Add video object 12. Click on Delete | G94: User should be able to delete video object | H94: test_editSlidePage_DeleteAddedObject_Video
A95: TC94 | B95: Functionality | C95: Object | D95: Add Onscreen text | E95: Check if able to add Onscreen object to slide | F95: 1. Launch JioSignage (https://digitalsignage.jio.com/users/sign_in) in browser. 2. Login with valid credential. 3. Click on Content management>>Click on Layout 4. Click on Add new layout(+) icon 5. Enter any layout name 6. Select the radio button like Horizontal/Vertical and Select the Resolution 7. Select any template like Blank/template for splitting the screen 8. Click on Add 9. Click on Edit 10. Observe the Edit Layout screen 11. Click on Add object option. 12. Select Onscreen text object > observe. | G95: > User should able to add Onscreen Object to slide . >User should able to edit the Onscreen text as per the sub feature options of the Object. >Preview of the Layout should be observed with selected object. | H95: test_editSlidePage_AddObject_AddOnscreenText
A96: TC95 | B96: Functionality | C96: Object | D96: Add RSS feed | E96: Check if able to add RSS feed object to slide | F96: 1. Launch JioSignage (https://digitalsignage.jio.com/users/sign_in) in browser. 2. Login with valid credential. 3. Click on Content management>>Click on Layout 4. Click on Add new layout(+) icon 5. Enter any layout name 6. Select the radio button like Horizontal/Vertical and Select the Resolution 7. Select any template like Blank/template for splitting the screen 8. Click on Add 9. Click on Edit 10. Observe the Edit Layout screen 11. Click on Add object option. 12. Select RSS feed object > observe. | G96: > User should able to add RSS feed Object to slide . >User should able to edit the RSS feed as per the sub feature options of the Object. >Preview of the Layout should be observed with selected object. | H96: test_editSlidePage_AddObject_AddRssFeed
A97: TC96 | B97: Functionality | C97: Object | D97: Add YouTube | E97: Check if able to add YouTube object to slide | F97: 1. Launch JioSignage (https://digitalsignage.jio.com/users/sign_in) in browser. 2. Login with valid credential. 3. Click on Content management>>Click on Layout 4. Click on Add new layout(+) icon 5. Enter any layout name 6. Select the radio button like Horizontal/Vertical and Select the Resolution 7. Select any template like Blank/template for splitting the screen 8. Click on Add 9. Click on Edit 10. Observe the Edit Layout screen 11. Click on Add object option. 12. Select YouTube object > Copy an URL and paste the URL in URL field>Click on Save | G97: > User should able to add YouTube Object to slide . >User should able to edit the YouTube object as per the sub feature options of the Object. >Preview of the Layout should be observed with selected object. | H97: test_editSlidePage_AddObject_AddYoutube
A98: TC97 | B98: Functionality | C98: Object | D98: Add Google | E98: Check if able to add Google object to slide | F98: 1. Launch JioSignage (https://digitalsignage.jio.com/users/sign_in) in browser. 2. Login with valid credential. 3. Click on Content management>>Click on Layout 4. Click on Add new layout(+) icon 5. Enter any layout name 6. Select the radio button like Horizontal/Vertical and Select the Resolution 7. Select any template like Blank/A template for splitting the screen 8. Click on Add 9. Click on Edit 10. Observe the Edit Layout screen 11. Click on Add object option. 12. Select Google object > Enter the embedded URL in URL field>Click on Save | G98: > User should able to add Google Object to slide . >User should able to edit the Google as per the sub feature options of the Object. >User should able to preview the map and deliver google map to client display | H98: test_editSlidePage_AddObject_AddGoogle
A99: TC98 | B99: Functionality | C99: Object | D99: Add Shape | E99: Check if able to add Shape object to slide | F99: 1. Launch JioSignage (https://digitalsignage.jio.com/users/sign_in) in browser. 2. Login with valid credential. 3. Click on Content management>>Click on Layout 4. Click on Add new layout(+) icon 5. Enter any layout name 6. Select the radio button like Horizontal/Vertical and Select the Resolution 7. Select any template like Blank/A template for splitting the screen 8. Click on Add 9. Click on Edit 10. Observe the Edit Layout screen 11. Click on Add object option. 12. Select Shape object > Click on any shape like Rectangular/square/circle 13. Click on Save>Click on preview and deliver to client display>Observe | G99: > User should able to add shape Object to slide . >User should able to edit the shape as per the sub feature options of the Object. >User should able to deliver the shape object to client display | H99: test_editSlidePage_AddObject_AddShape
A100: TC99 | B100: Functionality | C100: Object | D100: Add JioSaavn | E100: Check if able to add JioSaavn object to slide | F100: 1. Launch JioSignage Sign In Page : https://digitalsignage.jio.com/users/sign_in . 2. Login with valid credential 3. Click on Content management>>Click on Layout 4. Click on Add new layout(+) icon 5. Enter any layout name 6. Select the radio button like Horizontal/Vertical and Select the Resolution 7. Select any template like Blank/A template for splitting the screen 8. Click on Add 9. Click on Edit 10. Observe the Edit Layout screen 11 Click on Add object option. 12. Select JioSaavn object > observe. | G100: > User should able to add JioSaavn Object to slide . >User should able to edit the JioSaavn as per the sub feature options of the Object. >User should able to deliver the JioSaavn object to the client display | H100: test_editSlidePage_AddObject_AddJioSaavan
A101: TC100 | B101: Functionality | C101: Object | D101: Add Instagram | E101: Check if able to add Instagram object to slide | F101: 1. Launch JioSignage Sign In Page : https://digitalsignage.jio.com/users/sign_in . 2. Login with valid credential 3. Click on Content management>>Click on Layout 4. Click on Add new layout(+) icon 5. Enter any layout name 6. Select the radio button like Horizontal/Vertical and Select the Resolution 7. Select any template like Blank/A template for splitting the screen 8. Click on Add 9. Click on Edit 10. Observe the Edit Layout screen 11 Click on Add object option. 12. Select Instagram object > observe. | G101: > User should able to add Instagram Object to slide . >User should able to edit the Instagram as per the sub feature options of the Object. >User should able to deliver the Instagram content to client display | H101: test_editSlidePage_AddObject_AddInstagram
A102: TC101 | B102: Functionality | C102: Entire screen | D102: Duration | E102: Check the duration option behavior for the slide | F102: 1. Launch JioSignage (https://digitalsignage.jio.com/users/sign_in) in browser. 2. Login with valid credential. 3. Go to Layouts > create layout >Click on edit slide option. 4. Select entire screen option. 5. Observe duration option. 6. Modify the duration using up and down icons > observe. 7. modify the duration by click on it > enter the custom sec > observe. | G102: >Default 10 Sec duration for the slide should be observed. >It should Increase/Decrease the seconds value by One seconds when modify it using icons. >It should set the custom entered seconds. >For Invalid entry it should show the Appropriate message. | H102: test_editContent_Duration_IncreaseDecrease
A103: TC102 | B103: Functionality | C103: Entire screen | D103: Fit to screen | E103: Check to fit to screen option from edit screen. | F103: 1. Launch JioSignage (https://digitalsignage.jio.com/users/sign_in) in browser. 2. Login with valid credential. 3. Go to Layouts > create layout >Click on edit slide option. 4. Select entire screen option. 5. Observe the fit to screen option. 6. Check (click) on the fit to screen option > observe the slide preview. 7. Uncheck the fit to screen option > observe the slide preview. | G103: TBD
A104: TC103 | B104: Functionality | C104: Entire screen | D104: Transition effect | E104: Check the transition effect option behavior | F104: 1. Launch JioSignage (https://digitalsignage.jio.com/users/sign_in) in browser. 2. Login with valid credential. 3. Go to Layouts > create layout >Click on edit slide option. 4. select entire screen option. 5. Observe the transition effect option. 6. click on the transition effect option > observe. | G104: >By Default 'None' option should be selected for transition effect. by click on the transition effect Name box , List of the transitions should be observed. >if there is only Single slide available then Transition effect option should be disabled , No action should be observed when click on it. | H104: test_editContent_TransitionEffectOption
A105: TC104 | B105: Functionality | C105: Entire screen | D105: Set Transition | E105: Check able to set the transition effect | F105: 1. Launch JioSignage (https://digitalsignage.jio.com/users/sign_in) in browser. 2. Login with valid credential. 3. Go to Layouts > create layout >Click on edit slide option. 4. Select entire screen option. 5. Click on Transition effect name or the dropdown icon of it. 6. Observe the list of transition effects. 7. Select the transition effect. 8. click on Preview button> observe. | G105: > After selecting the transition effect selected effect name should be observed on the transition name box. >Slide Preview should be observed as per the selected slide option.
A106: TC105 | B106: Functionality | C106: Edit slide | D106: Entire screen | E106: Check 'Go back to home screen when no action performed 'checkbox option behavior | F106: 1. Launch JioSignage (https://digitalsignage.jio.com/users/sign_in) in browser. 2. Login with valid credential. 3. Go to Layouts > create layout >Click on edit slide option. 4. Select entire screen option. 5. Fill checkbox by click on the option -'Go back to home screen when no action performed'. 6. Observe the Behavior. 7. Check the Modify seconds box behavior. | G106: TBD
A107: TC106 | B107: Functionality | C107: Background | D107: Background Image | E107: Check able to add the background image of slide | F107: 1. Launch JioSignage (https://digitalsignage.jio.com/users/sign_in) in browser. 2. Login with valid credential. 3. Go to Layouts > create layout >Click on edit slide option. 4. Select background option. 5. Observe the background image option. 6. Drag and drop the image file to edit slide screen or Background image box option. 7. Click on preview option >Observe the behavior. | G107: >User should able to add background image by drag and drop to edit slide screen. >User should able to add background image to the box option. >After adding the image , Selected file name should be observed on box option. >Preview of the slide with selected background images should be observed.
A108: TC107 | B108: Functionality | C108: Background | D108: Background Image | E108: Check able to modify or delete background image from the slide | F108: 1. Launch JioSignage (https://digitalsignage.jio.com/users/sign_in) in browser. 2. Login with valid credential. 3. Go to Layouts > create layout >Click on edit slide option. 4. Select background option. 5. Observe the background image option. 6. Drag and drop the image file to edit slide screen or Background image box option. 7. select other image file and drop it as background >observe. 8. Click on delete option > observe. | G108: >Background image should be replaced with the latest selected file. >Background image should be deleted by click on the delete option, and background image box should not show any name.
...

Sheet LayoutApproval
A1: Sr. No | B1: Test Type | C1: Functionality Name | D1: Sub Functionality | E1: Test Objective | F1: Test Steps | G1: Expected Behaviour | H1: Automation TC name | I1: Result | J1: Comment
A2: TC1 | B2: Functional | C2: Send Approval | D2: For Layouts | E2: Check Send approve request for the Layouts | F2: Precondition: 1.Launch JioSignage Sign In Page : https://digitalsignage.jio.com/users/sign_in . 2.Login with valid credential. Test Steps: 1.Go to Layouts : Dashboard> Content Management> Layouts: Click on any random or chosen Layout> Navigate to Expiry Option and edit its date and time. 2.Then navigate to Approval option and Select Request approval option. 3.Select approver from the dropdown list. 4.click on send button. | G2: > Approval request sent successfully message should be observed on the screen. >Sent request should be observed on Layouts approval screen.
A3: TC2 | B3: Functional | C3: Send Approval | D3: For Playlist | E3: Check Send approve request for the playlist | F3: Precondition: 1.Launch JioSignage Sign In Page : https://digitalsignage.jio.com/users/sign_in . 2.Login with valid credential. Test Steps: 1.Navigate to Content Management page and then inside navigate to playlist > create playlist > add Layouts to playlist by drag and drop. 2.Click on save option. 3.click on Request for approval > select approver >send. | G3: >User should able to send approval request for the playlist. >>Sent request should be observed on Layouts approval screen.
A4: TC3 | B4: Functional | C4: Layouts Approval | D4: Home screen | E4: Check Layouts Approval home screen | F4: Precondition: 1.Launch JioSignage Sign In Page : https://digitalsignage.jio.com/users/sign_in . 2.Login with valid credential. Test Steps: 1.Go to JioSignage home screen. 2.Select Layouts > Select Layouts approval option from the dropdown. 3.Observe the screen. | G4: >Layouts approval management screen should be observed with below 3 options : Pending Approval ,Approved ,Rejected. >Pending approval should be selected by default.
A5: TC4 | B5: Functional | C5: Content Approval | D5: Playlist/Layouts name | E5: Check Playlist/content name from the screen | F5: Precondition: 1.Launch JioSignage Sign In Page : https://digitalsignage.jio.com/users/sign_in . 2.Login with valid credential. Test Steps: 1. Go to Content Approval home screen. 2.Observe the Pending approval screen. 3.Observe the Playlist/content name column. 4.Observe. | G5: >It should show the approval requested Playlist/content name.
A6: TC5 | B6: Functional | C6: Layouts Approval | D6: Type | E6: Check type of Layouts from the screen. | F6: Precondition: 1.Launch JioSignage Sign In Page : https://digitalsignage.jio.com/users/sign_in . 2.Login with valid credential. Test Steps: 1. observe the Layouts approval screen. 2.Observe the type title. | G6: >it should the type of the requested Layouts . either it is Layouts or playlist.
A7: TC6 | B7: Functional | C7: Layouts Approval | D7: Start date | E7: Check able to see start date of the requested Layouts approval | F7: Precondition: 1.Launch JioSignage Sign In Page : https://digitalsignage.jio.com/users/sign_in . 2.Login with valid credential. Test Steps: 1. observe the Layouts approval screen. 2.Observe the start date status of the requested Layouts. | G7: >it should show the start date of the requested which was set for expiry.
A8: TC7 | B8: Functional | C8: Layouts Approval | D8: End date | E8: Check able to see end date of the requested Layouts approval | F8: Precondition: 1.Launch JioSignage Sign In Page : https://digitalsignage.jio.com/users/sign_in . 2.Login with valid credential. Test Steps: 1. Observe the Layouts approval screen. 2.Observe the end date status of the requested Layouts. | G8: >it should show the end date of the requested which was set for expiry.
A9: TC8 | B9: Functional | C9: Layouts Approval | D9: Requested on | E9: Check the Layouts approval requested time &date | F9: Precondition: 1.Launch JioSignage Sign In Page : https://digitalsignage.jio.com/users/sign_in . 2.Login with valid credential. Test Steps: 1.Observe the Layouts approval screen. 2.Observe the requested on status of the Layouts. | G9: >It should show the Date & Time when Layouts approval request was sent.
A10: TC9 | B10: Functional | C10: Layouts Approval | D10: Requested name | E10: Check the Layouts approval request senders name | F10: Precondition: 1.Launch JioSignage Sign In Page : https://digitalsignage.jio.com/users/sign_in . 2.Login with valid credential. Test Steps: 1. Observe the Layouts approval screen. 2.Observe the requested by title. | G10: >It should show the name of the user by whom the Layouts approval requested.
A11: TC10 | B11: Functional | C11: Layouts Approval | D11: Requested Company | E11: Check the company name from where the approval request generated | F11: Precondition: 1.Launch JioSignage Sign In Page : https://digitalsignage.jio.com/users/sign_in . 2.Login with valid credential. Test Steps: 1.Observe the Layouts approval screen. 2.Observe the company name. | G11: >it should show the company name , from where the Layouts approval request was sent.
A12: TC11 | B12: Functional | C12: Layouts Approval | D12: Expiry status | E12: Check able to see the Layouts expiry status. | F12: Precondition: 1.Launch JioSignage Sign In Page : https://digitalsignage.jio.com/users/sign_in . 2.Login with valid credential. Test Steps: 1.Observe the Layouts approval screen. 2.Observe the expiry status. | G12: >If Layouts is not expired it should be observed as Green(true sign). >If Layouts is expired it should be observed as Red (False sign).
A13: TC12 | B13: Functional | C13: Layouts Approval | D13: Approve response | E13: Check approve response status of the Layouts | F13: Precondition: 1.Launch JioSignage Sign In Page : https://digitalsignage.jio.com/users/sign_in . 2.Login with valid credential. Test Steps: 1.Observe the Layouts approval screen. 2.Observe the approve response status. 3.Hover the curser on icons of it > observe. | G13: >It should show the Approve , Reject and Preview icons. >User should able to see the tooltip by hover curser on icon.
... A19: TC18 | B19: Functional | C19: Layouts Approval | D19: Reason for rejection | E19: Check able to view the reason for rejected Layouts | F19: Precondition: 1.Launch JioSignage Sign In Page : https://digitalsignage.jio.com/users/sign_in . 2.Login with valid credential. Test Steps: 1.Go to Rejected Layouts screen. 2.Select rejected Layouts screen. 3.Observe the reason for rejected Layouts. | G19: >User should able to view the reason of Layouts rejection.
A20: TC19 | B20: Functional | C20: Layouts Approval | D20: Filter option to search individual columns. | E20: Check able to use the filter option to search individual columns in the Pending Approval, Approved, and Rejected sections | F20: Precondition: 1.Launch JioSignage Sign In Page : https://digitalsignage.jio.com/users/sign_in . 2.Login with valid credential. Test Steps: 1.Go to the Pending Approval section and click on the filter option to search individual columns. 2.Go to the Approved section and click on the filter option to search individual columns. 3.Go to the Rejected section and click on the filter option to search individual columns. | G20: >User should be able to use the filter option to search individual columns in the Pending Approval, Approved, and Rejected sections. | J20: Able to use filter option to search individual columns
A21: TC20 | B21: Functional | C21: Layouts Approval | D21: Sort Option | E21: Check able to be use Sort option for the Pending Approval, Approved and Rejected sections. | F21: Precondition: 1.Launch JioSignage Sign In Page : https://digitalsignage.jio.com/users/sign_in . 2.Login with valid credential. Test Steps: 1.Go to the Pending Approval section and click on the Sort option. 2.Go to the Approved section and click on the Sort option. 3.Go to the Rejected section and click on the Sort option. | G21: >User should able to use Sort option for the Pending Approval, Approved and Rejected sections. | J21: User able to use sort option in Pending approval, Approverd and Rejected sections

Sheet Playlists
A1: Sr. No | B1: Test Type | C1: Functionality Name | D1: Sub Functionality | E1: Test Objective | F1: Test Steps | G1: Expected Behaviour | H1: Automation TC | I1: Result | J1: Comment
A2: TC1 | B2: Functionality | C2: Playlist | D2: Create Playlist | E2: To verify that create new playlist button functionality in main playlist page. | F2: 1.Launch JioSignage Sign In Page : https://digitalsignage.jio.com/users/sign_in . 2.Login with valid credential. 3.Click on content management >Playlist. 4.Click playlist > + icon on to right side. | G2: Add new playlist OSD screen should appear. | H2: test_verifyCreateNewPlaylist
A3: TC2 | B3: Functionality | C3: Playlist | D3: Create Playlist | E3: To verify enter all supported characters in name field to create playlist.[Supported Characters = Number , Letters , _] | F3: 1.Launch JioSignage Sign In Page : https://digitalsignage.jio.com/users/sign_in . 2.Login with valid credential. 3.Click on content management >Playlist. 4.Click playlist > + icon on to right side. 5.Enter all character. | G3: User should able to Enter all supported characters and create a playlist. | H3: test_verifyPlaylistWithAllChar
A4: TC3 | B4: Functionality | C4: Playlist | D4: Create Playlist | E4: To verify all special characters in Name field | F4: 1.Launch JioSignage Sign In Page : https://digitalsignage.jio.com/users/sign_in . 2.Login with valid credential. 3.Click on content management >Playlist. 4.Click playlist > + icon on to right side. 5.Enter special character. | G4: Only letters, numbers and _are allowed pop up appear. | H4: test_verifySpecCharInPlayName
A5: TC4 | B5: Functionality | C5: Playlist | D5: Create Playlist | E5: To verify Add functionality in add new playlist OSD screen. | F5: 1.Launch JioSignage Sign In Page : https://digitalsignage.jio.com/users/sign_in . 2.Login with valid credential. 3.Click on content management >Playlist. 4.Click playlist > Click on + icon from the right side. 6.Enter name > click add. | G5: User should able to view the playlist customize screen. | H5: test_verifyAddOptionOnCreatePlaylist
A6: TC5 | B6: Functionality | C6: Playlist | D6: Create Playlist | E6: To verify cancel functionality in add new playlist OSD screen. | F6: 1.Launch JioSignage Sign In Page : https://digitalsignage.jio.com/users/sign_in . 3.Click on content management >Playlist. 4.Click playlist > + icon on to right side. 5.Enter name > click cancel. | G6: User should close the add new playlist page. | H6: test_verifyCancelOptionOnCreatePlaylist
A7: TC6 | B7: Functionality | C7: Playlist | D7: Create Playlist | E7: To verify X icon on add new playlist screen. | F7: 1.Launch JioSignage Sign In Page : https://digitalsignage.jio.com/users/sign_in . 2.Login with valid credential. 3.Click on content management >Playlist. 5.Click playlist >Click on + icon from the right side. 6.Click X icon | G7: User should close the add new playlist page. | H7: test_verifyCloseOptionOnCreatePlaylist
A8: TC7 | B8: Functionality | C8: Playlist | D8: Create Playlist | E8: Verify created Playlist details in Playlist Page table | F8: 1.Launch JioSignage Sign In Page : https://digitalsignage.jio.com/users/sign_in . 2.Login with valid credential. 3.Click on content management >Playlist. 4.Click playlist > Click on + icon from the right side. 5.Enter name and save it. 6. Verify details of created Playlist on Playlist page table | G8: Playlist details should be correct in Playlist page | H8: test_verifyCreatedPlaylistDetail
A9: TC8 | B9: Functionality | C9: Playlist | D9: Edit Playlist | E9: To verify edit playlist name functionality in edit playlist screen. | F9: Precondition: Playlist is created 1.Launch JioSignage Sign In Page : https://digitalsignage.jio.com/users/sign_in . 2.Login with valid credential. 3. Go to Content management->Playlist 4. Click on existing playlist. 5. Click edit name icon which is available on to top left corner. | G9: User should edit the existing playlist name. | H9: test_verifyRenamePlaylist
A10: TC9 | B10: Functionality | C10: Playlist | D10: Edit Playlist | E10: To verify update name functionality in edit playlist page. | F10: Precondition: Playlist is created 1.Launch JioSignage Sign In Page : https://digitalsignage.jio.com/users/sign_in . 2.Login with valid credential. 3. Go to Content management->Playlist 4. Click on existing playlist. 5. Click edit name icon which is available on to top left corner. 6. Enter name and update. | G10: playlist name should update accordingly. | H10: test_verifyUpdatePlaylistName
A11: TC10 | B11: Functionality | C11: Playlist | D11: Edit Playlist | E11: To verify layout folder in edit playlist screen. | F11: Precondition: Playlist is created 1.Launch JioSignage Sign In Page : https://digitalsignage.jio.com/users/sign_in . 2.Login with valid credential. 3. Go to Content management->Playlist 4. Click on existing playlist. 5 .Select layout from layout folder. | G11: Created layout folder should available in below search bar and user should able to select layout from it
A12: TC11 | B12: Functionality | C12: Playlist | D12: Edit Playlist | E12: To verify open and close the content folder in edit playlist screen. | F12: 1.Launch JioSignage Sign In Page : https://digitalsignage.jio.com/users/sign_in . 2.Login with valid credential. 3.Click on content management >Playlist. 4.Click playlist >Click on + icon from the right side. 5.Enter name > add. 6.Select created content folder (+ and -). | G12: Available content in that particular folder should appear and user should be able to add them in playlist.
A13: TC12 | B13: Functionality | C13: Playlist | D13: Edit Playlist | E13: To verify close button in Edit Playlist | F13: Precondition: Playlist is created 1.Launch JioSignage Sign In Page : https://digitalsignage.jio.com/users/sign_in . 2.Go to Content management->Playlist 3. Go to Content->Playlist 4. Click on existing playlist. 5. Click on close button | G13: Verify that close button closes Edit Playlist page | H13: test_verifyCloseButtonOnEditPlaylist
A14: TC13 | B14: Functionality | C14: Playlist | D14: Trash | E14: To verify that Head Folder functionality in Playlist. | F14: 1.Launch JioSignage Sign In Page : https://digitalsignage.jio.com/users/sign_in . 2.Login with valid credential. 3.Click on content management >Playlist. 4.Click playlist >trashed > Head folder. | G14: Head folder of playlist should appear | H14: test_verifyHeadFolder
A15: TC14 | B15: Functionality | C15: Playlist | D15: Trash | E15: To verify trashed functionality in playlist. | F15: 1.Launch JioSignage Sign In Page : https://digitalsignage.jio.com/users/sign_in . 2.Login with valid credential. 3.Click on content management >Playlist. 5.Click playlist > trashed . | G15: Trashed playlist should appear. | H15: test_verifyTrashedPlaylist
A16: TC15 | B16: Functionality | C16: Playlist | D16: Trash | E16: To verify search functionality in trashed playlist. | F16: 1.Launch JioSignage Sign In Page : https://digitalsignage.jio.com/users/sign_in . 2.Login with valid credential. 3.Click on content management >Playlist. 4.Click playlist> trashed. 5.Click search icon. 6.Enter deleted playlist name. | G16: Searched Playlist should appear. | H16: test_verifySearchAfterTrash
A17: TC16 | B17: Functionality | C17: Playlist | D17: Trash | E17: To verify check box functionality in trashed playlist. | F17: 1.Launch JioSignage Sign In Page : https://digitalsignage.jio.com/users/sign_in . 2.Login with valid credential. 3.Click on content management >Playlist. 4.Click playlist > trashed. 5.Enable check box. | G17: User should able to access more option after enable the check box. | H17: test_verifyCheckboxInTrashed
A18: TC17 | B18: Functionality | C18: Playlist | D18: Trash | E18: To verify more option in Trashed playlist | F18: 1.Launch JioSignage Sign In Page : https://digitalsignage.jio.com/users/sign_in . 2.Login with valid credential. 3..Click on content management >Playlist. 4.Click playlist > trashed. 5.Enable check box > Click Three dot(top right corner) | G18: Restore and delete completely option should available inside more option. | H18: test_verifyMoreOptionsInTrashed
A19: TC18 | B19: Functionality | C19: Playlist | D19: Trash | E19: To verify Restore functionality in Trashed playlist | F19: 1.Launch JioSignage Sign In Page : https://digitalsignage.jio.com/users/sign_in . 2.Login with valid credential. 3.Click on content management >Playlist. 4.Click playlist > trashed. 5.Enable check box > Click Three dot(top right corner). 6.Click Restore. | G19: Restore confirmation pop up screen should open. | H19: test_verifyRestorePlaylist
A20: TC19 | B20: Functionality | C20: Playlist | D20: Trash | E20: To verify "OK" functionality in Restore Confirmation pop up of Trashed playlist | F20: 1.Launch JioSignage Sign In Page : https://digitalsignage.jio.com/users/sign_in . 2.Login with valid credential. 3.Click on content management >Playlist. 4.Create playlist > trashed. 5.Enable check box > Click Three dot(top right corner). 6.Click Restore >Click ok. | G20: Playlist should restore successfully and that Playlist should appear on main playlist page. | H20: test_verifyOkButtonRestorePlaylist
A21: TC20 | B21: Functionality | C21: Playlist | D21: Trash | E21: To verify "Cancel" functionality in Restore Confirmation pop up of Trashed playlist | F21: 1.Launch JioSignage Sign In Page : https://digitalsignage.jio.com/users/sign_in . 2.Login with valid credential. 3.Click on content management >Playlist. 4.Click playlist > trashed. 5.Enable check box > Click Three dot(top right corner). 6.Click Restore >Click cancel. | G21: Restore confirmation pop up should close. | H21: test_verifyCancelButtonRestorePlaylist
A22: TC21 | B22: Functionality | C22: Playlist | D22: Trash | E22: To verify "X" icon functionality in Restore Confirmation pop up of Trashed playlist | F22: 1.Launch JioSignage Sign In Page : https://digitalsignage.jio.com/users/sign_in . 2.Login with valid credential. 3.Click on content management >Playlist. 4.Click on Trashed option available in right side. 5.Enable check box > Click Three dot(top right corner). 6.Click Restore >Click close(X) icon. | G22: Restore confirmation pop up should close. | H22: test_verifyCloseButtonRestorePlaylist
A23: TC22 | B23: Functionality | C23: Playlist | D23: Trash | E23: To verify Delete completely functionality in Trashed playlist | F23: 1.Launch JioSignage Sign In Page : https://digitalsignage.jio.com/users/sign_in . 2.Login with valid credential. 3.Click on content management >Playlist. 4.Click playlist > trashed. 5.Enable check box > Click Three dot(top right corner). 6.Click Delete completely. | G23: Playlist should delete permanently. | H23: test_verifyCompleteDeletePlaylist
A24: TC23 | B24: Functionality | C24: Playlist | D24: Trash | E24: To verify "OK" functionality in delete Confirmation pop up of Trashed playlist | F24: 1.Launch JioSignage Sign In Page : https://digitalsignage.jio.com/users/sign_in . 2.Login with valid credential. 3..Click on content management >Playlist. 4.Click on Trashed option available in right side". 6.Enable check box > Click Three dot(top right corner). 7.Click delete completely >Click ok. | G24: Selected playlist should delete successfully. | H24: test_verifyOkButtonCompleteDeletePlaylist
... A72: TC71 | B72: Functionality | C72: Playlist | D72: Arrow button functionality | E72: To verify left arrow (<) on bottom right corner on playlist page. | F72: 1.Launch JioSignage Sign In Page : https://digitalsignage.jio.com/users/sign_in . 2.Login with valid credential. 3.Click on content management >Playlist 4.Scroll down the playlist page . 5.Click (<) arrow on bottom right corner. | G72: playlist entries should open the previous screen. | H72: test_verifyPreviousOptionOnPlaylist
A73: TC72 | B73: Functionality | C73: Smart Playlist | D73: Create Playlist | E73: Create a Smart Playlist (+->Add new Playlist->Smart Playlist) | F73: 1.Launch JioSignage Sign In Page : https://digitalsignage.jio.com/users/sign_in . 2.Login with valid credential. 3.Click on content management >Playlist >Click on + Button 4.Click On smart Playlist > Playlist Name 5.Click on ADD button | G73: Add new Smart playlist OSD screen should appear.
A74: TC73 | B74: Functionality | C74: Smart Playlist | D74: Create Playlist | E74: Test name field for character , special char , number | F74: 1.Launch JioSignage Sign In Page : https://digitalsignage.jio.com/users/sign_in . 2.Login with valid credential. 3.Click on content management >Playlist >Click on + Button" 4.Click On smart Playlist > Playlist Name with Special character 5.Click on ADD button | G74: User should able to Enter all the characters , which are supported by specifications. | H74: test_addplaylistwithspecialchar
A75: TC74 | B75: Functionality | C75: Smart Playlist | D75: Add Playlist | E75: Add Playlist in Smart Playlist | F75: 1.Launch JioSignage Sign In Page : https://digitalsignage.jio.com/users/sign_in . 2.Login with valid credential. 3.Click on content management >Playlist >Click on + Button" 4.Click On smart Playlist >create and save> Drag & drop from Playlist to Smart play list 5.Save Smart Playlist | G75: User should able to add the playlist customize screen.
A76: TC75 | B76: Functionality | C76: Smart Playlist | D76: Add Playlist | E76: Save Playlist | F76: 1.Launch JioSignage Sign In Page : https://digitalsignage.jio.com/users/sign_in . 2.Login with valid credential. 3.Click on content management >Playlist >Click on + Button" 4.Click On smart Playlist >create and save> Drag & drop from Playlist to Smart play list 5.Save Smart Playlist | G76: User should able to save the playlist | H76: test_saveplaylist
A77: TC76 | B77: Functionality | C77: Smart Playlist | D77: Add Playlist | E77: Preview Smart Playlist content | F77: 1.Launch JioSignage Sign In Page : https://digitalsignage.jio.com/users/sign_in . 2.Login with valid credential. 3.Click on content management >Playlist >Click on + Button" 4.Click On smart Playlist > Drag & drop from Playlist to Smart play list 5.Save Smart Playlist & Preview play list | G77: User should able to Preview the playlist customize screen.
A78: TC77 | B78: Functionality | C78: Smart Playlist | D78: Add Playlist | E78: Verify Total duration time of Smart Playlist | F78: 1.Launch JioSignage Sign In Page : https://digitalsignage.jio.com/users/sign_in . 2.Login with valid credential. 3.Click on content management >Playlist >Click on + Button" 4.Click On smart Playlist > Drage & drop from Playlist to Smart play list 5.Save Smart Playlist 6. Check time duration | G78: User should able to check Total playlist Time duration
A79: TC78 | B79: Functionality | C79: Smart Playlist | D79: Add Playlist | E79: Verify Close button -> Verify Confirmation pop-up window | F79: 1.Launch JioSignage Sign In Page : https://digitalsignage.jio.com/users/sign_in . 2.Login with valid credential. 3.Click on content management >Playlist >Click on + Button" 4.Click On smart Playlist > Drag & drop from Playlist to Smart play list 5.Save Smart Playlist & Preview play list 6.Close play list | G79: User should able to Close the playlist customize screen.
A80: TC79 | B80: Functionality | C80: Smart Playlist | D80: Add Playlist | E80: Smart playlist name and Information button (I button) | F80: 1.Launch JioSignage Sign In Page : https://digitalsignage.jio.com/users/sign_in . 2.Login with valid credential. 3.Click content > Playlist> 4.Click On smart Playlist > Drag & drop from Playlist to Smart play list 5.Save Smart Playlist & Preview play list 6.Hower in information detail | G80: User Should be able to get information when hover on information
A81: TC80 | B81: Functionality | C81: Smart Playlist | D81: Playlist | E81: To verify filter icon on playlist. | F81: 1.Launch JioSignage Sign In Page : https://digitalsignage.jio.com/users/sign_in . 2.Login with valid credential. 3.Click on content management >Playlist 4.Click playlist > Click filter icon. | G81: Search bar should appear near to name field. | H81: test_FilteronName
A82: TC81 | B82: Functionality | C82: Smart Playlist | D82: Playlist | E82: To verify check box functionality in playlist main screen. | F82: 1.Launch JioSignage Sign In Page : https://digitalsignage.jio.com/users/sign_in . 2.Login with valid credential. 3.Click on content management >Playlist 4.Click playlist. 5.Enable check box. | G82: User should able to access more option after enable the check box. | H82: test_checkboxclikable()
A83: TC82 | B83: Functionality | C83: Smart Playlist | D83: Deliver Smart Playlist | E83: To deliver Smart Playlist on Base Account from Head Account | F83: Precondition: 1.Existing display should be available 2. Smart Playlist is created 3. Schedule should be assigned to display Steps:- 1.Launch JioSignage Sign In Page : https://digitalsignage.jio.com/users/sign_in . 2.Login with valid credential. 3. Assign smart playlist to schedule. 4. Now navigate to display>click on assign schedule >choose base option. 5.Select display field choose any display and click on schedule choose schedule and click on deliver. | G83: User should be able to deliver Smart Playlist on Base Display from Head Account
A84: TC83 | B84: Functionality | C84: Smart Playlist | D84: Deliver Smart Playlist | E84: To deliver Smart Playlist on Base Display from Base Account | F84: Precondition: 1.Existing display should be available 2. Smart Playlist is created 3. Schedule should be assigned to display Steps:- 1.Launch JioSignage Sign In Page : https://digitalsignage.jio.com/users/sign_in . 2.Login with valid credential. 3. Assign smart playlist to schedule > Display 4. Select a display using Checkbox with the schedule 5. Click on Deliver Instantly 6. Click on Deliver 7. Observe the display | G84: User should be able to deliver Smart Playlist on Base Display from Base Account
A85: TC84 | B85: Functionality | C85: Sub playlist | D85: Playlist | E85: Create a Sub Playlist (+->Add new Playlist->Sub Playlist) | F85: 1.Launch JioSignage Sign In Page : https://digitalsignage.jio.com/users/sign_in . 2.Login with valid credential. 3.Click on content management >Playlist > Click on + Button 4.Click On Normal Playlist > Click on ADD button 5.Provide Name & drag some content 6Drage & drop play list then save | G85: User should be able to create a sub play list
A86: TC85 | B86: Functionality | C86: Sub playlist | D86: Playlist | E86: Modify a Sub Playlist (+->Add new Playlist->Sub Playlist) | F86: 1.Launch JioSignage Sign In Page : https://digitalsignage.jio.com/users/sign_in . 2.Login with valid credential. 3.Click content management. 4.Click On Playlist > open Playlist 5.change some content drag & drop some content /Playlist then save | G86: User should be able to Modify a sub play list
A87: TC86 | B87: Functionality | C87: Sub playlist | D87: Playlist | E87: Delete a Sub Playlist (+->Add new Playlist->Sub Playlist) | F87: 1.Launch JioSignage Sign In Page : https://digitalsignage.jio.com/users/sign_in . 2.Login with valid credential. 3.Click content management 4.Click On Playlist > open Playlist 5.Delete Play list | G87: User should be able to Delete sub play list
A88: TC87 | B88: Functionality | C88: Sub playlist | D88: Playlist | E88: Preview Sub Playlist content | F88: 1.Launch JioSignage Sign In Page : https://digitalsignage.jio.com/users/sign_in . 2.Login with valid credential. 3.Click content management. 4.Click On Playlist > open Playlist 5.Save & preview the playlist | G88: User should be able to Preview sub play list
A89: TC88 | B89: Functionality | C89: Sub playlist | D89: Playlist | E89: Verify Total duration time of Sub Playlist | F89: 1.Launch JioSignage Sign In Page : https://digitalsignage.jio.com/users/sign_in . 2.Login with valid credential. 3.Click content management. 4.Click On Playlist > open Playlist 5.Save & preview the playlist 6 Check duration | G89: User should be able to verify total time duration
A90: TC89 | B90: Functionality | C90: Sub playlist | D90: Playlist | E90: Verify Close button -> Verify Confirmation pop-up window | F90: 1.Launch JioSignage Sign In Page : https://digitalsignage.jio.com/users/sign_in . 2.Login with valid credential. 3.Click content management. 4.Click On Playlist > open Playlist 5.Save & Close | G90: User should be able to verify close popup
A91: TC90 | B91: Functionality | C91: Sub playlist | D91: Playlist | E91: Save sub Playlist | F91: 1.Launch JioSignage Sign In Page : https://digitalsignage.jio.com/users/sign_in . 2.Login with valid credential. 3.Click content management. 4.Click On Playlist > open Playlist 5.Save & Close | G91: User should be able to verify save
A92: TC91 | B92: Functionality | C92: Sub playlist | D92: Playlist | E92: Test name field for character , special char , number, _ | F92: 1.Launch JioSignage Sign In Page : https://digitalsignage.jio.com/users/sign_in . 2.Login with valid credential. 3.Click on content management> Playlist>Click on + Button. 4.Click On Normal Playlist > Playlist Name with Special character 5.Click on ADD button | G92: User should able to Enter all the characters.
A93: TC92 | B93: Functionality | C93: Sub playlist | D93: Deliver Playlist | E93: To deliver Playlist having Sub Playlist on Base Account from Head Account | F93: Precondition: 1.Existing display should be available 2. Playlist is created with Sub Playlist 3. Schedule should be assigned to display Steps:- 1.Launch JioSignage Sign In Page : https://digitalsignage.jio.com/users/sign_in . 2.Login with valid credential. 3. Assign Sub playlist to schedule > Display 4. Now navigate to display>click on assign schedule >choose base option. 5.Select display and select schedule >choose deliver option and click on deliver. | G93: User should be able to deliver Playlist with Sub playlist on Base Display from Head Account
A94: TC93 | B94: Functionality | C94: Sub playlist | D94: Deliver Playlist | E94: To deliver Sub Playlist on Base Display from Base Account | F94: Precondition: 1.Existing display should be available 2. Playlist is created with Sub Playlist 3. Schedule should be assigned to display Steps:- 1.Launch JioSignage Sign In Page : https://digitalsignage.jio.com/users/sign_in . 2.Login with valid credential. 3. Assign Sub playlist to schedule > Display 4. Select a display using Checkbox with the schedule 5. Click on Deliver Instantly 6. Click on Deliver 7. Observe the display | G94: User should be able to deliver Playlist with Sub playlist on Base Display from Base Account
... A110: TC109 | B110: Functionality | C110: Playlist | D110: Tool tip | E110: Check that tool tip is listing when user hover on playlist name. | F110: 1.Launch JioSignage Sign In Page : https://digitalsignage.jio.com/users/sign_in . 2.Login with valid credential. 3.Click on content management>Playlist. 4.Choose any Existing playlist place the mouse hover on it and observe. | G110: User should able to see the tool tip by placing mouse pointer on any playlist.
A111: TC110 | B111: Functionality | C111: Playlist | D111: Create playlist with image content | E111: User should be able to create a playlist with content | F111: 1.Launch JioSignage Sign In Page : https://digitalsignage.jio.com/users/sign_in . 2.Login with valid credential. 3.Click on content management >Playlist. 4.Click playlist > + icon on to right side. 5.Enter name of playlist. 6. Save . 7. Add 3 image file in playlist 8. Save. | G111: User should be able to create playlist. | H111: test_createPlaylistWithImages
A112: TC111 | B112: Functionality | C112: Playlist | D112: Preview individual content in Playlist | E112: To verify preview of individual content in playlist | F112: Precondition: Playlist is created 1.Launch JioSignage Sign In Page : https://digitalsignage.jio.com/users/sign_in . 2.Login with valid credential. 3. Go to Content management->Playlist 4. Click on existing playlist. 5. Click on preview button available on individual content of playlist 6. Validate that individual content preview is working as per expectation | G112: User should be able to see preview of individual content inside playlist | H112: test_previewOfIndividualContentInCreatedPlaylist
A113: TC112 | B113: Functionality | C113: Playlist | D113: Delete individual content in edit playlist page | E113: To verify individual delete content in Edit page of playlist | F113: Precondition: Playlist is created 1.Launch JioSignage Sign In Page : https://digitalsignage.jio.com/users/sign_in . 2.Login with valid credential. 3. Go to Content management->Playlist 4. Click on existing playlist. 5. Delete any individual content inside playlist | G113: User should be able to delete individual content inside playlist | H113: test_deleteOfIndividualContentInCreatedPlaylist

Sheet Schedules
A1: TC ID | B1: Test Type | C1: Functionality Name | D1: Sub Functionality | E1: Test Objective | F1: Test Steps | G1: Expected Behavior | H1: Automation TC Name | I1: Result | J1: Comment
A2: TC1 | B2: Functionality | C2: Schedule | D2: Add New Schedule | E2: To verify that user is able to create new schedule | F2: 1. Launch JioSignage (https://digitalsignage.jio.com/users/sign_in) in browser. 2. Login with valid credential. 3. Click on layout Management >Schedules. 4. Click on Add new Schedule (+) button available on the right side of the screen. | G2: Add new schedule screen should appear. | H2: test_verifyAddSchedule
A3: TC2 | B3: Functionality | C3: Schedule | D3: Add New Schedule | E3: To verify enter all supported characters in name field to create schedule.[Supported Characters: Characters , Number , _] | F3: 1. Launch JioSignage (https://digitalsignage.jio.com/users/sign_in) in browser. 2. Login with valid credential. 3. Click on layout Management >Schedules. 4. Click on Add new Schedule (+) button available on the right side of the screen 5.Check able to Enter all character on enter name field. | G3: User should able to Enter all supported characters. | H3: test_verifyAddScheduleWithAllChar
A4: TC3 | B4: Functionality | C4: Schedule | D4: Add New Schedule | E4: To verify all special characters in Name filed | F4: 1. Launch JioSignage (https://digitalsignage.jio.com/users/sign_in) in browser. 2. Login with valid credential. 3. Click on layout Management >Schedules. 4. Click on Add new Schedule (+) button available on the right side of the screen 5.Enter special characters e.g. new@# > click on add > observe. | G4: Only letters, numbers and _are allowed pop up appear. | H4: test_verifyScheduleNameWithSP
A5: TC4 | B5: Functionality | C5: Schedule | D5: Add New Schedule | E5: To verify ADD functionality in add new schedule screen. | F5: 1. Launch JioSignage (https://digitalsignage.jio.com/users/sign_in) in browser. 2. Login with valid credential. 3. Click on layout Management >Schedules. 4. Click on Add new Schedule (+) button available on the right side of the screen 5.Enter name > click add. | G5: User should able to view the schedule customize screen. | H5: test_verifyCustomizeSchedulePage
A6: TC5 | B6: Functionality | C6: Schedule | D6: Add New Schedule | E6: To verify cancel functionality in add new schedule screen. | F6: 1. Launch JioSignage (https://digitalsignage.jio.com/users/sign_in) in browser. 2. Login with valid credential. 3. Click on layout Management >Schedules. 4. Click on Add new Schedule (+) button available on the right side of the screen 5.Enter name > click cancel. | G6: User should close the add new schedule page. | H6: test_verifyCancelOptionOnAddSchedule
A7: TC6 | B7: Functionality | C7: Schedule | D7: Add New Schedule | E7: To verify X icon on add new schedule screen. | F7: 1. Launch JioSignage (https://digitalsignage.jio.com/users/sign_in) in browser. 2. Login with valid credential. 3. Click on layout Management >Schedules. 4. Click on Add new Schedule (+) button available on the right side of the screen 5.Click X icon | G7: User should close the add new schedule page. | H7: test_verifyCloseOptionOnAddSchedule
A8: TC7 | B8: Functionality | C8: Schedule | D8: Customize schedule | E8: To verify Edit name functionality in Schedule page | F8: 1.Launch JioSignage Sign In Page : https://digitalsignage.jio.com/users/sign_in . 2.Login with valid credential. 3.Click schedule > + icon on to right side. 4.Enter name > click add. 5.Click edit name icon on to left corner. | G8: User should edit the existing schedule name. | H8: test_verifyEditScheduleName
A9: TC8 | B9: Functionality | C9: Schedule | D9: Customize schedule | E9: To verify Update functionality in edit schedule name | F9: 1.Launch JioSignage Sign In Page : https://digitalsignage.jio.com/users/sign_in . 2.Login with valid credential. 3.Click schedule > + icon on to right side. 4.Enter name > click add. 5.Click edit name icon on to left corner > enter name > click on update | G9: Schedule name should update accordingly. | H9: test_verifyUpdateScheduleName
A10: TC9 | B10: Functionality | C10: Schedule | D10: Customize schedule | E10: To verify time duration functionality in schedule. | F10: 1.Launch JioSignage Sign In Page : https://digitalsignage.jio.com/users/sign_in . 2.Login with valid credential. 3.Click schedule > + icon on to right side. 4.Enter name > click add. 5.Click time duration option. | G10: User should able to view the time chart as per selection from time duration option(1hr , 30min , 15min , 10min and 05min) | H10: test_verifyScheduleTime
A11: TC10 | B11: Functionality | C11: Schedule | D11: Customize schedule | E11: To verify < icon on schedule screen. | F11: 1.Launch JioSignage Sign In Page : https://digitalsignage.jio.com/users/sign_in . 2.Login with valid credential. 3.Click schedule > + icon on to right side. 4.Enter name > click add. 5.Click < icon on top left corner | G11: < icon should show the previous week schedule. | H11: test_verifyPreviousWeekOption
A12: TC11 | B12: Functionality | C12: Schedule | D12: Customize schedule | E12: To verify > icon on schedule screen. | F12: 1.Launch JioSignage Sign In Page : https://digitalsignage.jio.com/users/sign_in . 2.Login with valid credential. 3.Click schedule > + icon on to right side. 4.Enter name > click add. 5.Click > icon on top left corner. | G12: > icon should show the next week schedule. | H12: test_verifyNextWeekOption
A13: TC12 | B13: Functionality | C13: Schedule | D13: Customize schedule | E13: To verify today option on schedule screen. | F13: 1.Launch JioSignage Sign In Page : https://digitalsignage.jio.com/users/sign_in . 2.Login with valid credential. 3.Click schedule > + icon on to right side. 4.Enter name > click add. 5.Click > icon on top left corner for two to three times > click today. | G13: Present week and current day schedule Calendar should appear. | H13: test_verifyTodayOption
... A15: TC14 | B15: Functionality | C15: Schedule | D15: Customize schedule | E15: To verify Drag and drop functionality in schedule screen | F15: 1.Launch JioSignage Sign In Page : https://digitalsignage.jio.com/users/sign_in . 2.Login with valid credential. 3.Click schedule > + icon on to right side. 4.Enter name > click add. 5.select layout > drag & drop the layout to week chart . | G15: User should able to drag & drop the layout into week schedule. | H15: test_verifyDragDrop
A16: TC15 | B16: Functionality | C16: Schedule | D16: Customize schedule | E16: To verify Edit schedule details functionality in schedule screen | F16: 1.Launch JioSignage Sign In Page : https://digitalsignage.jio.com/users/sign_in . 2.Login with valid credential. 3.Click schedule > + icon on to right side. 4.Enter name > click add. 5.select layout > drag & drop the layout to week chart. 6.Click that dropped layout. | G16: Edit schedule details page should open.
A17: TC16 | B17: Functionality | C17: Schedule | D17: Customize schedule | E17: To verify start time functionality in edit schedule details page. | F17: 1.Launch JioSignage Sign In Page : https://digitalsignage.jio.com/users/sign_in . 2.Login with valid credential. 3.Click schedule > + icon on to right side. 4.Enter name > click add. 5.select layout > drag & drop the layout to week chart. 6.Click that dropped layout> click clock icon of start time. 7. set the time | G17: User should set the time as per wish. | H17: test_verifyStartTime
A18: TC17 | B18: Functionality | C18: Schedule | D18: Customize schedule | E18: To verify end time functionality in edit schedule details page. | F18: 1.Launch JioSignage Sign In Page : https://digitalsignage.jio.com/users/sign_in . 2.Login with valid credential. 3.Go to schedule >Open any Schedule. 4.Drag and drop any item(layout/playlist)to schedule page time slot. 5.Click on dropped item>click clock icon of start time>set end time. | G18: User should set the time as per wish. | H18: test_verifyEndTime
A19: TC18 | B19: Functionality | C19: Schedule | D19: Customize schedule | E19: To verify the check box of "repeat the duration" in edit schedule details page. | F19: 1.Launch JioSignage Sign In Page : https://digitalsignage.jio.com/users/sign_in . 2.Login with valid credential. 3.Click schedule > + icon on to right side. 4.Enter name > click add. 5.select layout > drag & drop the layout to week chart. 6.Click that dropped layout> set start and end time. 7.click check box of repeat the duration. | G19: Check box should enable and start date & end date option should open. | H19: test_verifyRepeatCheckBox
A20: TC19 | B20: Functionality | C20: Schedule | D20: Customize schedule | E20: To verify the start date option on edit schedule page when after enabled check box of repeat the duration. | F20: 1.Launch JioSignage Sign In Page : https://digitalsignage.jio.com/users/sign_in . 2.Login with valid credential. 3.Click schedule > + icon on to right side. 4.Enter name > click add. 5.select layout > drag & drop the layout to week chart. 6.Click that dropped layout> set start and end time. 7.click check box of repeat the duration. 8.click start date and set | G20: User can set any date as start date | H20: test_verifyStartDate
A21: TC20 | B21: Functionality | C21: Schedule | D21: Customize schedule | E21: To verify the End date option on edit schedule page when after enabled check box of repeat the duration. | F21: 1.Launch JioSignage Sign In Page : https://digitalsignage.jio.com/users/sign_in . 2.Login with valid credential. 3.Click schedule > + icon on to right side. 4.Enter name > click add. 5.select layout > drag & drop the layout to week chart. 6.Click that dropped layout> set start and end time. 7.click check box of repeat the duration. 8.click End date and set | G21: User can set any date as End date but it should not before date of start date. | H21: test_verifyEndDate
A22: TC21 | B22: Functionality | C22: Schedule | D22: Customize schedule | E22: To verify Save functionality in edit schedule details. | F22: 1.Launch JioSignage Sign In Page : https://digitalsignage.jio.com/users/sign_in . 2.Login with valid credential. 3.Click schedule > + icon on to right side. 4.Enter name > click add. 5.select layout > drag & drop the layout to week chart. 6.Click that dropped layout> set start and end time. 7.Click save | G22: Schedule should be saved with updated changes. | H22: test_verifySaveSchedule
A23: TC22 | B23: Functionality | C23: Schedule | D23: Customize schedule | E23: To verify cancel functionality in edit schedule details. | F23: 1.Launch JioSignage Sign In Page : https://digitalsignage.jio.com/users/sign_in . 2.Login with valid credential. 3.Go to schedule >Open any Schedule. 4.Drag and drop any item(layout/playlist)to schedule page time slot. 5.Click on dropped item. 6. Click on cancel option. | G23: edit pop up should be closed and it should not save the changes done. | H23: test_verifyCancelOptionOnSchedule
A24: TC23 | B24: Functionality | C24: Schedule | D24: Customize schedule | E24: To verify delete functionality in edit schedule details. | F24: 1.Launch JioSignage Sign In Page : https://digitalsignage.jio.com/users/sign_in . 2.Login with valid credential. 3.Click schedule > + icon on to right side. 4.Enter name > click add. 5.select layout > drag & drop the layout to week chart. 6.Click that dropped layout> set start and end time. 7.Click on delete option >verify delete the item. | G24: selected layout/playlist which is added to schedule should be removed from respective time slot. | H24: test_verifyDeleteOptionOnSchedule
A25: TC24 | B25: Functionality | C25: Schedule | D25: Customize schedule | E25: To verify Folder functionality in Edit Schedule page | F25: 1.Launch JioSignage Sign In Page : https://digitalsignage.jio.com/users/sign_in . 2.Login with valid credential. 3.Click schedule > + icon on to right side. 4.Enter name > click add. 5. Verify existing Folder is available | G25: User should be able to click on + icon on Folder and should able to see layout of it and can drag and drop | H25: test_verifyDragAndDropFromFolder
A26: TC25 | B26: Functionality | C26: Schedule | D26: Customize schedule | E26: To verify current date is displayed on Edit Schedule page | F26: 1.Launch JioSignage Sign In Page : https://digitalsignage.jio.com/users/sign_in . 2.Login with valid credential. 3.Click schedule > + icon on to right side. 4.Enter name > click add. 5. Verify current date is displayed | G26: Verify that current date is displayed in Edit Schedule page | H26: test_verifyCurrentDate
A27: TC26 | B27: Functionality | C27: Schedule | D27: Customize schedule | E27: To verify close button functionality on Edit Schedule page | F27: 1.Launch JioSignage Sign In Page : https://digitalsignage.jio.com/users/sign_in . 2.Login with valid credential. 3.Click schedule > + icon on to right side. 4.Enter name > click add. 5. Verify close button functionality | G27: User should be able to close Edit Schedule page on clicking Close button | H27: test_verifyCloseOptionOnEditSchedule
A28: TC27 | B28: Functionality | C28: Schedule | D28: Customize schedule | E28: To verify "All Day" functionality in Edit Schedule page | F28: 1.Launch JioSignage Sign In Page : https://digitalsignage.jio.com/users/sign_in . 3.Click schedule > + icon on to right side. 4.Enter name > click add. 5.drag and drop layout to the all day time slot. 6. Verify "All Day" functionality. | G28: Selected item should be set to whole day.
A29: TC28 | B29: Functionality | C29: Schedule | D29: Trigger | E29: To verify Add trigger functionality in schedule | F29: 1.Launch JioSignage Sign In Page : https://digitalsignage.jio.com/users/sign_in . 2.Login with valid credential. 3.Click schedule > + icon on to right side. 4.Enter name > click add. 5.Click add trigger option. | G29: Add trigger page should open. | H29: test_verifyAddTrigger
A30: TC29 | B30: Functionality | C30: Schedule | D30: Trigger | E30: Create a Trigger & Run | F30: 1.Launch JioSignage Sign In Page : https://digitalsignage.jio.com/users/sign_in . 2.Login with valid credential. 3.Click schedule > + icon on to right side. 4.Enter name > click add. 5.Click add trigger option. 6. Add name of Trigger. 7. Select layout/Playlist. 8 Select Preferences - Daily/Weekly Or any particular day. 9. Add schedule for trigger - Start date , End date , Start time , End Time , Repetition "Yes or No". 10 Click on Add Schedule. | G30: layout/playlist should be triggered/observed on client display as per set in trigger.
A31: TC30 | B31: Functionality | C31: Schedule | D31: Trigger | E31: Verify Cancel button functionality in Add Trigger page | F31: 1.Launch JioSignage Sign In Page : https://digitalsignage.jio.com/users/sign_in . 2.Login with valid credential. 3.Click schedule > + icon on to right side. 4.Enter name > click add. 5.Click add trigger option and click on Cancel button | G31: User should be able to close Trigger window when click on Cancel button | H31: test_verifyCancelOptionOnAddTrigger
A32: TC31 | B32: Functionality | C32: Schedule | D32: Trigger | E32: Verify Added trigger is showing in Trigger page | F32: 1.Launch JioSignage Sign In Page : https://digitalsignage.jio.com/users/sign_in . 2.Login with valid credential. 3.Go to schedule >Open any Schedule. 4.click on add trigger option from top right of the page. 5.Click add time trigger option. 6.fill the mandatory fields > click on add to save trigger. 5.Observe add trigger page. | G32: Verify that user is able to view created Triggers from add trigger page | H32: test_AddTrigger
A33: TC32 | B33: Functionality | C33: Schedule | D33: Trigger | E33: Verify Edit name functionality in Add Trigger page | F33: 1.Launch JioSignage Sign In Page : https://digitalsignage.jio.com/users/sign_in . 2.Login with valid credential. 3.Go to Schedule > open the schedule > click on add trigger. 4.Click on Edit icon of the time trigger option. 3.Edit the trigger name > click on save . | G33: Trigger name should be observed as updated.
A34: TC33 | B34: Functionality | C34: Schedule | D34: Trigger | E34: Verify Playlist and layout can be selected in Add Trigger page | F34: 1.Launch JioSignage Sign In Page : https://digitalsignage.jio.com/users/sign_in . 2.Login with valid credential. 3.Click schedule > + icon on to right side. 4.Enter name > click add. 5.Click add trigger option. 6. Add name of Trigger. 7. Select layout and Playlist. 8 Select Preferences - Daily/Weekly Or any particular day. 9. Add schedule for trigger - Start date , End date , Start time , End Time , Repetition "Yes or No". 10 Click on Add Schedule | G34: >user should able to select layout or playlist option from the dropdown. >By Click on layout >select layout option should be observed and user should able to search and select the layout. >By Click on playlist>select playlist option should be observed and user should able to search and select the playlist.
A35: TC34 | B35: Functionality | C35: Schedule | D35: Trigger | E35: Verify Preferences option can be selected and able to successfully trigger it | F35: 1.Launch JioSignage Sign In Page : https://digitalsignage.jio.com/users/sign_in . 2.Login with valid credential. 3.Click schedule > + icon on to right side. 4.Enter name > click add. 5.Click add trigger option. 6. Add name of Trigger. 7. Select layout and Playlist. 8 Select Preferences - Daily & Weekly & any particular day. 9. Add schedule for trigger - Start date , End date , Start time , End Time , Repetition "Yes or No". 10.Click on Add Schedule | G35: >User should be able to set preferences Daily or weekly. >If user has set trigger for weekdays basis e.g.. MON ,WED and delivered the schedule to display then trigger should be observed on selected day only.
A36: TC35 | B36: Functionality | C36: Schedule | D36: Trigger | E36: Verify able to set Date & time of the trigger | F36: 1.Launch JioSignage Sign In Page : https://digitalsignage.jio.com/users/sign_in . 2.Login with valid credential. 3.Click schedule > + icon on to right side. 4.Enter name > click add. 5.Click add trigger option. 6. Add name of Trigger. 7. Select layout / Playlist. 8 Select Preferences - Daily / Weekly / any particular day. 9. Add schedule for trigger - Start date , End date , Start time , End Time , Repetition "Yes or No". 10. Click on Add Schedule | G36: user should able to set start date , end date and start time of the trigger | H36: test_addtrigger
A37: TC36 | B37: Functionality | C37: Schedule | D37: Trigger | E37: Verify able to set repeated trigger | F37: 1.Launch JioSignage Sign In Page : https://digitalsignage.jio.com/users/sign_in . 2.Login with valid credential. 3.Click schedule > + icon on to right side. 4.Enter name > click add. 5.Click add trigger option. 6. Add name of Trigger. 7. Select layout / Playlist. 8 Select Preferences - Daily / Weekly / any particular day. 9. Add schedule for trigger - Start date , End date , Start time , End Time , 13. Repetition "Yes or No". 10 Click on Add Schedule | G37: user should able to set trigger repeated at and end time of it. | H37: test_addtriggerRepeat
A38: TC37 | B38: Functionality | C38: Schedule | D38: Schedule | E38: Verify the head Folder functionality of schedule page | F38: 1.Launch JioSignage Sign In Page : https://digitalsignage.jio.com/users/sign_in . 2.Login with valid credential. 3.Click schedule > trashed > Head folder. | G38: Head folder of schedule should list the all created schedules. | H38: test_verifyHeadFolderInSchedule
A39: TC38 | B39: Functionality | C39: Schedule | D39: Schedule | E39: To verify the Trashed functionality of schedule page | F39: 1.Launch JioSignage Sign In Page : https://digitalsignage.jio.com/users/sign_in . 2.Login with valid credential. 3.Click schedule > trashed. | G39: Delete schedules should be appear on trashed page. | H39: test_verifyTrashedSchedule
A40: TC39 | B40: Functionality | C40: Schedule | D40: Trashed Schedule | E40: To verify search functionality in schedule > trashed. | F40: 1.Launch JioSignage Sign In Page : https://digitalsignage.jio.com/users/sign_in . 2.Login with valid credential. 3.Click layout > material> upload raw material. 4.Click search icon. 5.Enter deleted schedule name. | G40: Searched schedule should appear. | H40: test_verifySearchScheduleInTrashed
A41: TC40 | B41: Functionality | C41: Schedule | D41: Trashed Schedule | E41: To verify check box functionality in schedule > trashed. | F41: 1.Launch JioSignage Sign In Page : https://digitalsignage.jio.com/users/sign_in . 2.Login with valid credential. 3.Click schedule > trashed. 4.Enable check box. | G41: User should able to access more option after enable the check box. | H41: test_verifyCheckOptionOnScheduleTrashed
A42: TC41 | B42: Functionality | C42: Schedule | D42: Trashed Schedule | E42: To verify more option in schedule > trashed | F42: 1.Launch JioSignage Sign In Page : https://digitalsignage.jio.com/users/sign_in . 2.Login with valid credential. 3.Click schedule > trashed. 4.Enable check box > Click Three dot(top right corner) | G42: Restore and delete completely option should available inside more option. | H42: test_verifyMoreOptionInsideTrash
A43: TC42 | B43: Functionality | C43: Schedule | D43: Trashed Schedule | E43: To verify "OK" functionality in Restore Confirmation pop up of schedule > trashed | F43: 1.Launch JioSignage Sign In Page : https://digitalsignage.jio.com/users/sign_in . 2.Login with valid credential. 3.Click schedule > trashed. 4.Enable check box > Click Three dot(top right corner). 5.Click Restore >Click ok. | G43: Schedule should restore successfully and that schedule should appear on main schedule page. | H43: test_verifyRestoreSchedule
A44: TC43 | B44: Functionality | C44: Schedule | D44: Trashed Schedule | E44: To verify "Cancel" functionality in Restore Confirmation pop up of schedule > trashed | F44: 1.Launch JioSignage Sign In Page : https://digitalsignage.jio.com/users/sign_in . 2.Login with valid credential. 3.Click schedule > trashed. 4.Enable check box > Click Three dot(top right corner). 5.Click Restore >Click cancel. | G44: Restore confirmation pop up should close. | H44: test_verifyCancelOnRestoreSchedule
A45: TC44 | B45: Functionality | C45: Schedule | D45: Trashed Schedule | E45: To verify "X" icon functionality in Restore Confirmation pop up of schedule > trashed | F45: 1.Launch JioSignage Sign In Page : https://digitalsignage.jio.com/users/sign_in . 2.Login with valid credential. 3.Click schedule > trashed. 4.Enable check box > Click Three dot(top right corner). 5.Click Restore >Click close(X) icon. | G45: Restore confirmation pop up should close. | H45: test_verifyCloseOnRestoreSchedule
A46: TC45 | B46: Functionality | C46: Schedule | D46: Trashed Schedule | E46: To verify Delete completely functionality in Schedule > trashed | F46: 1.Launch JioSignage Sign In Page : https://digitalsignage.jio.com/users/sign_in . 2.Login with valid credential. 3.Click schedule > trashed. 4.Enable check box > Click Three dot(top right corner). 5.Click Delete completely.. | G46: Delete completely pop up should be observed, | H46: test_verifyCompleteDeleteSchedule
A47: TC46 | B47: Functionality | C47: Schedule | D47: Trashed Schedule | E47: To verify "OK" functionality in delete Confirmation pop up of schedule > trashed | F47: 1.Launch JioSignage Sign In Page : https://digitalsignage.jio.com/users/sign_in . 2.Login with valid credential. 3.Click schedule > trashed. 4.Enable check box > Click Three dot(top right corner). 5.Click delete completely >Click ok. | G47: Schedule should delete successfully. | H47: test_verifyOkButtonOnDeleteSchedule
... A84: TC83 | B84: Functionality | C84: Schedule | D84: Schedule | E84: To verify scroll up and down functionality in schedule main page. | F84: 1.Launch JioSignage Sign In Page : https://digitalsignage.jio.com/users/sign_in . 2.Login with valid credential. 3.Go to Schedule >Observe the list of schedules. 4.scroll up and down across schedule list page. | G84: User should able to scroll up and down the page. | H84: test_verifyScroll
A85: TC84 | B85: Functionality | C85: Schedule | D85: Schedule | E85: Pre Schedule | F85: 1.Launch JioSignage Sign In Page : https://digitalsignage.jio.com/users/sign_in . 2.Login with valid credential. 3.Create Blank schedule. 4.Assign on Monday to one playlist of 24 hrs. on above schedule. 5.Assign Tuesday and Wednesday separate/different layout of 24 hrs. on schedule created on step3. 6.Assign and Deliver this schedule to any display <refer ticket 370644> | G85: Monday playlist , Tuesday and Wednesday content should play the assigned item respectively.
A86: TC85 | B86: Functionality | C86: Schedule | D86: Schedule | E86: Expired Schedule highlighted in schedule page | F86: 1.Launch JioSignage Sign In Page : https://digitalsignage.jio.com/users/sign_in . 2.Login with valid credential. 3.Go to schedule >Observe the existing schedules. 4.Now observe the details column like start date and end date and expired text is highlighting with bold text. | G86: Start and end date & Expired text should highlight in trigger page.
A87: TC86 | B87: Functionality | C87: Schedule | D87: Schedule | E87: Verify expiry status of the schedule from schedule main page | F87: 1.Launch JioSignage Sign In Page : https://digitalsignage.jio.com/users/sign_in . 2.Login with valid credential. 3.Go to Schedules > open the schedule > Add layout > Set the expired start and End time/date of the dropped layout >save changes. 4.Go to schedules main page >Observe the Schedule expiry status. 5.Now update the added layout time & Date by set it for upcoming time >observe the expiry status of schedule. | G87: >If layout is set for expired time/date -expiry status should be Observed with red cross mark icon. >If any of the layout is scheduled for upcoming time for future then expiry status should be observed with Green mark. Note -layout or playlist expiry status not connected with schedule expiry ,both are different. If user deliver schedule with expired layout/playlist it should not play on display.
A88: TC87 | B88: Functionality | C88: Schedule | D88: Schedule | E88: Expired Trigger is highlighted in Trigger page | F88: 1.Launch JioSignage Sign In Page : https://digitalsignage.jio.com/users/sign_in . 2.Login with valid credential. 3.Go to schedule. 4.Create schedule by clicking on "+" icon enter schedule name and save it. 5.Click on add trigger option >click on add time trigger fill the details and select the layout or play list and click on add it. 6.Now observe the details column like start date and end date and expired text is highlighting with bold text. | G88: Expired trigger text should highlight it bold text format in trigger page.
A89: TC88 | B89: Functionality | C89: Schedule | D89: Schedule | E89: Verify expiry status of trigger | F89: 1.Launch JioSignage Sign In Page : https://digitalsignage.jio.com/users/sign_in . 2.Login with valid credential. 3.Go to Schedules > Create Schedule > click on add trigger > add time trigger. 4.Enter trigger name > select & add layout. 5.set expired time & Date> save the updates to add. 6.Observe the add trigger page with added trigger. 7.Observe the Expiry status of the trigger. 8.Now update the trigger time & Date by set it for upcoming time >observe the expiry status on add trigger page. | G89: >If trigger time is expired Trigger expiry status should be observed as red mark icon. >If trigger time is not expired Trigger expiry status should be observed as Green mark icon.
A90: TC89 | B90: Functionality | C90: Schedule | D90: Replace | E90: Verify user is able to replace existing layout with layout in schedule and able to deliver using Deliver button available on the schedule page. | F90: 1.Launch JioSignage Sign In Page : https://digitalsignage.jio.com/users/sign_in . 2.Login with valid credential. 3.Go to schedule. 4.Create schedule by clicking on "+" icon enter schedule name and save it. 5.Navigate to layout panel>drag and drop the layout in schedule page>save>Go out and come back ->click on the layout>click on replace>select any layout which is not expired>click on save it>now click on delivery available in top >click on deliver now and observe. | G90: Most recently replaced layout should deliver in display.
A91: TC90 | B91: Functionality | C91: Schedule | D91: Replace | E91: Verify user is able to replace existing layout with Playlist in schedule and able to deliver using Deliver button available on the schedule page. | F91: 1.Launch JioSignage Sign In Page : https://digitalsignage.jio.com/users/sign_in . 2.Login with valid credential. 3.Go to schedule. 4.Create schedule by clicking on "+" icon enter schedule name and save it. 5.Navigate to layout panel>drag and drop the layout in schedule page>click on the layout>click on replace>now try to replace with playlist. | G91: User should able to replace the playlist and it should deliver the display.
